id,name,locality,timezone,isMobile,isMonitor,instruments,sensors,licenses,bounds,distance,datetimeFirst,datetimeLast,country.id,country.code,country.name,owner.id,owner.name,provider.id,provider.name,coordinates.latitude,coordinates.longitude,datetimeFirst.utc,datetimeFirst.local,datetimeLast.utc,datetimeLast.local
3,NMA - Nima,,Africa/Accra,False,True,"[{'id': 2, 'name': 'Government Monitor'}]","[{'id': 6, 'name': 'pm10 µg/m³', 'parameter': {'id': 1, 'name': 'pm10', 'units': 'µg/m³', 'displayName': 'PM10'}}, {'id': 5, 'name': 'pm25 µg/m³', 'parameter': {'id': 2, 'name': 'pm25', 'units': 'µg/m³', 'displayName': 'PM2.5'}}]",,"[-0.19968, 5.58389, -0.19968, 5.58389]",,,,152,GH,Ghana,4,Unknown Governmental Organization,209,Dr. Raphael E. Arku and Colleagues,5.58389,-0.19968,,,,
4,NMT - Nima,,Africa/Accra,False,True,"[{'id': 2, 'name': 'Government Monitor'}]","[{'id': 7, 'name': 'pm10 µg/m³', 'parameter': {'id': 1, 'name': 'pm10', 'units': 'µg/m³', 'displayName': 'PM10'}}, {'id': 8, 'name': 'pm25 µg/m³', 'parameter': {'id': 2, 'name': 'pm25', 'units': 'µg/m³', 'displayName': 'PM2.5'}}]",,"[-0.19898, 5.58165, -0.19898, 5.58165]",,,,152,GH,Ghana,4,Unknown Governmental Organization,209,Dr. Raphael E. Arku and Colleagues,5.58165,-0.19898,,,,
5,JTA - Jamestown,,Africa/Accra,False,True,"[{'id': 2, 'name': 'Government Monitor'}]","[{'id': 10, 'name': 'pm10 µg/m³', 'parameter': {'id': 1, 'name': 'pm10', 'units': 'µg/m³', 'displayName': 'PM10'}}, {'id': 9, 'name': 'pm25 µg/m³', 'parameter': {'id': 2, 'name': 'pm25', 'units': 'µg/m³', 'displayName': 'PM2.5'}}]",,"[-0.2103972, 5.5401139, -0.2103972, 5.5401139]",,,,152,GH,Ghana,4,Unknown Governmental Organization,209,Dr. Raphael E. Arku and Colleagues,5.5401139,-0.2103972,,,,
6,ADT - Asylum Down,,Africa/Accra,False,True,"[{'id': 2, 'name': 'Government Monitor'}]","[{'id': 11, 'name': 'pm10 µg/m³', 'parameter': {'id': 1, 'name': 'pm10', 'units': 'µg/m³', 'displayName': 'PM10'}}, {'id': 12, 'name': 'pm25 µg/m³', 'parameter': {'id': 2, 'name': 'pm25', 'units': 'µg/m³', 'displayName': 'PM2.5'}}]",,"[-0.2120555, 5.570722, -0.2120555, 5.570722]",,,,152,GH,Ghana,4,Unknown Governmental Organization,209,Dr. Raphael E. Arku and Colleagues,5.570722,-0.2120555,,,,
7,ADEPA - Asylum Down,,Africa/Accra,False,True,"[{'id': 2, 'name': 'Government Monitor'}]","[{'id': 14, 'name': 'pm10 µg/m³', 'parameter': {'id': 1, 'name': 'pm10', 'units': 'µg/m³', 'displayName': 'PM10'}}, {'id': 13, 'name': 'pm25 µg/m³', 'parameter': {'id': 2, 'name': 'pm25', 'units': 'µg/m³', 'displayName': 'PM2.5'}}]",,"[-0.2040278, 5.567833, -0.2040278, 5.567833]",,,,152,GH,Ghana,4,Unknown Governmental Organization,209,Dr. Raphael E. Arku and Colleagues,5.567833,-0.2040278,,,,
8,ADA - Asylum Down,,Africa/Accra,False,True,"[{'id': 2, 'name': 'Government Monitor'}]","[{'id': 16, 'name': 'pm10 µg/m³', 'parameter': {'id': 1, 'name': 'pm10', 'units': 'µg/m³', 'displayName': 'PM10'}}, {'id': 15, 'name': 'pm25 µg/m³', 'parameter': {'id': 2, 'name': 'pm25', 'units': 'µg/m³', 'displayName': 'PM2.5'}}]",,"[-0.2077778, 5.566722, -0.2077778, 5.566722]",,,,152,GH,Ghana,4,Unknown Governmental Organization,209,Dr. Raphael E. Arku and Colleagues,5.566722,-0.2077778,,,,
9,ELC - East Legon,,Africa/Accra,False,True,"[{'id': 2, 'name': 'Government Monitor'}]","[{'id': 17, 'name': 'pm10 µg/m³', 'parameter': {'id': 1, 'name': 'pm10', 'units': 'µg/m³', 'displayName': 'PM10'}}, {'id': 18, 'name': 'pm25 µg/m³', 'parameter': {'id': 2, 'name': 'pm25', 'units': 'µg/m³', 'displayName': 'PM2.5'}}]",,"[-0.1651875, 5.6335571, -0.1651875, 5.6335571]",,,,152,GH,Ghana,4,Unknown Governmental Organization,209,Dr. Raphael E. Arku and Colleagues,5.6335571,-0.1651875,,,,
10,ELT - East Legon,,Africa/Accra,False,True,"[{'id': 2, 'name': 'Government Monitor'}]","[{'id': 20, 'name': 'pm10 µg/m³', 'parameter': {'id': 1, 'name': 'pm10', 'units': 'µg/m³', 'displayName': 'PM10'}}, {'id': 19, 'name': 'pm25 µg/m³', 'parameter': {'id': 2, 'name': 'pm25', 'units': 'µg/m³', 'displayName': 'PM2.5'}}]",,"[-0.1695437, 5.6408995, -0.1695437, 5.6408995]",,,,152,GH,Ghana,4,Unknown Governmental Organization,209,Dr. Raphael E. Arku and Colleagues,5.6408995,-0.1695437,,,,
11,ELA - East Legon,,Africa/Accra,False,True,"[{'id': 2, 'name': 'Government Monitor'}]","[{'id': 22, 'name': 'pm10 µg/m³', 'parameter': {'id': 1, 'name': 'pm10', 'units': 'µg/m³', 'displayName': 'PM10'}}, {'id': 21, 'name': 'pm25 µg/m³', 'parameter': {'id': 2, 'name': 'pm25', 'units': 'µg/m³', 'displayName': 'PM2.5'}}]",,"[-0.1579063, 5.6408137, -0.1579063, 5.6408137]",,,,152,GH,Ghana,4,Unknown Governmental Organization,209,Dr. Raphael E. Arku and Colleagues,5.6408137,-0.1579063,,,,
12,SPARTAN - IIT Kanpur,,Asia/Kolkata,False,True,"[{'id': 2, 'name': 'Government Monitor'}]","[{'id': 23, 'name': 'pm25 µg/m³', 'parameter': {'id': 2, 'name': 'pm25', 'units': 'µg/m³', 'displayName': 'PM2.5'}}]",,"[80.233, 26.519, 80.233, 26.519]",,,,9,IN,India,4,Unknown Governmental Organization,226,Spartan,26.519,80.233,,,,
13,"Delhi Technological University, Delhi - CPCB",,Asia/Kolkata,False,True,"[{'id': 2, 'name': 'Government Monitor'}]","[{'id': 13866, 'name': 'no2 µg/m³', 'parameter': {'id': 5, 'name': 'no2', 'units': 'µg/m³', 'displayName': 'NO₂ mass'}}, {'id': 24, 'name': 'o3 µg/m³', 'parameter': {'id': 3, 'name': 'o3', 'units': 'µg/m³', 'displayName': 'O₃ mass'}}, {'id': 13864, 'name': 'pm25 µg/m³', 'parameter': {'id': 2, 'name': 'pm25', 'units': 'µg/m³', 'displayName': 'PM2.5'}}]",,"[77.12, 28.744, 77.12, 28.744]",,,,9,IN,India,4,Unknown Governmental Organization,168,CPCB,28.744,77.12,2016-11-02T19:00:00Z,2016-11-03T00:30:00+05:30,2018-02-22T04:00:00Z,2018-02-22T09:30:00+05:30
14,SPARTAN - CITEDEF,,America/Argentina/Buenos_Aires,False,True,"[{'id': 2, 'name': 'Government Monitor'}]","[{'id': 25, 'name': 'pm25 µg/m³', 'parameter': {'id': 2, 'name': 'pm25', 'units': 'µg/m³', 'displayName': 'PM2.5'}}]",,"[-58.506, -34.56, -58.506, -34.56]",,,,6,AR,Argentina,4,Unknown Governmental Organization,226,Spartan,-34.56,-58.506,,,,
15,IGI Airport,,Asia/Kolkata,False,True,"[{'id': 2, 'name': 'Government Monitor'}]","[{'id': 27, 'name': 'co µg/m³', 'parameter': {'id': 4, 'name': 'co', 'units': 'µg/m³', 'displayName': 'CO mass'}}, {'id': 28, 'name': 'no2 µg/m³', 'parameter': {'id': 5, 'name': 'no2', 'units': 'µg/m³', 'displayName': 'NO₂ mass'}}, {'id': 29, 'name': 'o3 µg/m³', 'parameter': {'id': 3, 'name': 'o3', 'units': 'µg/m³', 'displayName': 'O₃ mass'}}, {'id': 26, 'name': 'pm10 µg/m³', 'parameter': {'id': 1, 'name': 'pm10', 'units': 'µg/m³', 'displayName': 'PM10'}}, {'id': 30, 'name': 'pm25 µg/m³', 'parameter': {'id': 2, 'name': 'pm25', 'units': 'µg/m³', 'displayName': 'PM2.5'}}]",,"[77.094, 28.56, 77.094, 28.56]",,,,9,IN,India,4,Unknown Governmental Organization,168,CPCB,28.56,77.094,,,,
16,Civil Lines,,Asia/Kolkata,False,True,"[{'id': 2, 'name': 'Government Monitor'}]","[{'id': 33, 'name': 'co µg/m³', 'parameter': {'id': 4, 'name': 'co', 'units': 'µg/m³', 'displayName': 'CO mass'}}, {'id': 32, 'name': 'no2 µg/m³', 'parameter': {'id': 5, 'name': 'no2', 'units': 'µg/m³', 'displayName': 'NO₂ mass'}}, {'id': 31, 'name': 'pm10 µg/m³', 'parameter': {'id': 1, 'name': 'pm10', 'units': 'µg/m³', 'displayName': 'PM10'}}, {'id': 34, 'name': 'pm25 µg/m³', 'parameter': {'id': 2, 'name': 'pm25', 'units': 'µg/m³', 'displayName': 'PM2.5'}}]",,"[77.2262, 28.6787, 77.2262, 28.6787]",,,,9,IN,India,4,Unknown Governmental Organization,168,CPCB,28.6787,77.2262,,,,
17,"R K Puram, Delhi - DPCC",,Asia/Kolkata,False,True,"[{'id': 2, 'name': 'Government Monitor'}, {'id': 2, 'name': 'Government Monitor'}]","[{'id': 392, 'name': 'co µg/m³', 'parameter': {'id': 4, 'name': 'co', 'units': 'µg/m³', 'displayName': 'CO mass'}}, {'id': 12234782, 'name': 'co ppb', 'parameter': {'id': 102, 'name': 'co', 'units': 'ppb', 'displayName': 'CO'}}, {'id': 12234783, 'name': 'no ppb', 'parameter': {'id': 24, 'name': 'no', 'units': 'ppb', 'displayName': 'NO'}}, {'id': 12234784, 'name': 'no2 ppb', 'parameter': {'id': 15, 'name': 'no2', 'units': 'ppb', 'displayName': 'NO₂'}}, {'id': 36, 'name': 'no2 µg/m³', 'parameter': {'id': 5, 'name': 'no2', 'units': 'µg/m³', 'displayName': 'NO₂ mass'}}, {'id': 14340713, 'name': 'nox ppb', 'parameter': {'id': 23, 'name': 'nox', 'units': 'ppb', 'displayName': 'NOX'}}, {'id': 394, 'name': 'o3 µg/m³', 'parameter': {'id': 3, 'name': 'o3', 'units': 'µg/m³', 'displayName': 'O₃ mass'}}, {'id': 12234785, 'name': 'o3 µg/m³', 'parameter': {'id': 3, 'name': 'o3', 'units': 'µg/m³', 'displayName': 'O₃ mass'}}, {'id': 12234786, 'name': 'pm10 µg/m³', 'parameter': {'id': 1, 'name': 'pm10', 'units': 'µg/m³', 'displayName': 'PM10'}}, {'id': 399, 'name': 'pm10 µg/m³', 'parameter': {'id': 1, 'name': 'pm10', 'units': 'µg/m³', 'displayName': 'PM10'}}, {'id': 35, 'name': 'pm25 µg/m³', 'parameter': {'id': 2, 'name': 'pm25', 'units': 'µg/m³', 'displayName': 'PM2.5'}}, {'id': 12234787, 'name': 'pm25 µg/m³', 'parameter': {'id': 2, 'name': 'pm25', 'units': 'µg/m³', 'displayName': 'PM2.5'}}, {'id': 12234788, 'name': 'relativehumidity %', 'parameter': {'id': 98, 'name': 'relativehumidity', 'units': '%', 'displayName': 'RH'}}, {'id': 393, 'name': 'so2 µg/m³', 'parameter': {'id': 6, 'name': 'so2', 'units': 'µg/m³', 'displayName': 'SO₂ mass'}}, {'id': 12234789, 'name': 'so2 ppb', 'parameter': {'id': 101, 'name': 'so2', 'units': 'ppb', 'displayName': 'SO₂'}}, {'id': 12234790, 'name': 'temperature c', 'parameter': {'id': 100, 'name': 'temperature', 'units': 'c', 'displayName': 'Temperature (C)'}}, {'id': 14340714, 'name': 'wind_direction deg', 'parameter': {'id': 22, 'name': 'wind_direction', 'units': 'deg', 'displayName': 'Wind direction'}}, {'id': 14340715, 'name': 'wind_speed m/s', 'parameter': {'id': 34, 'name': 'wind_speed', 'units': 'm/s', 'displayName': 'Wind speed'}}]",,"[77.186937, 28.563262, 77.186937, 28.563262]",,,,9,IN,India,8524,Delhi Pollution Control Committee,168,CPCB,28.563262,77.186937,2016-02-05T14:55:00Z,2016-02-05T20:25:00+05:30,2026-05-19T04:30:00Z,2026-05-19T10:00:00+05:30
18,SPARTAN - Vietnam Acad. Sci.,,Asia/Bangkok,False,True,"[{'id': 2, 'name': 'Government Monitor'}]","[{'id': 37, 'name': 'pm25 µg/m³', 'parameter': {'id': 2, 'name': 'pm25', 'units': 'µg/m³', 'displayName': 'PM2.5'}}]",,"[105.8, 21.048, 105.8, 21.048]",,,,56,VN,Vietnam,4,Unknown Governmental Organization,226,Spartan,21.048,105.8,,,,
19,MNB,,Asia/Ulaanbaatar,False,True,"[{'id': 2, 'name': 'Government Monitor'}]","[{'id': 5136, 'name': 'co µg/m³', 'parameter': {'id': 4, 'name': 'co', 'units': 'µg/m³', 'displayName': 'CO mass'}}, {'id': 5137, 'name': 'no2 µg/m³', 'parameter': {'id': 5, 'name': 'no2', 'units': 'µg/m³', 'displayName': 'NO₂ mass'}}, {'id': 38, 'name': 'o3 µg/m³', 'parameter': {'id': 3, 'name': 'o3', 'units': 'µg/m³', 'displayName': 'O₃ mass'}}, {'id': 5138, 'name': 'pm10 µg/m³', 'parameter': {'id': 1, 'name': 'pm10', 'units': 'µg/m³', 'displayName': 'PM10'}}, {'id': 5139, 'name': 'pm25 µg/m³', 'parameter': {'id': 2, 'name': 'pm25', 'units': 'µg/m³', 'displayName': 'PM2.5'}}, {'id': 5140, 'name': 'so2 µg/m³', 'parameter': {'id': 6, 'name': 'so2', 'units': 'µg/m³', 'displayName': 'SO₂ mass'}}]",,"[106.888629, 47.929732, 106.888629, 47.929732]",,,,47,MN,Mongolia,4,Unknown Governmental Organization,116,Agaar.mn,47.929732,106.888629,2016-01-30T00:30:00Z,2016-01-30T08:30:00+08:00,2019-03-13T22:30:00Z,2019-03-14T06:30:00+08:00
21,Beijing US Embassy,Beijing,Asia/Shanghai,False,True,"[{'id': 2, 'name': 'Government Monitor'}]","[{'id': 40, 'name': 'pm25 µg/m³', 'parameter': {'id': 2, 'name': 'pm25', 'units': 'µg/m³', 'displayName': 'PM2.5'}}]",,"[116.47, 39.95, 116.47, 39.95]",,,,10,CN,China,4,Unknown Governmental Organization,231,Beijing US Embassy,39.95,116.47,2016-01-31T05:00:00Z,2016-01-31T13:00:00+08:00,2023-08-15T15:00:00Z,2023-08-15T23:00:00+08:00
22,SPARTAN - Dhaka University,,Asia/Dhaka,False,True,"[{'id': 2, 'name': 'Government Monitor'}]","[{'id': 41, 'name': 'pm25 µg/m³', 'parameter': {'id': 2, 'name': 'pm25', 'units': 'µg/m³', 'displayName': 'PM2.5'}}]",,"[90.398, 23.728, 90.398, 23.728]",,,,128,BD,Bangladesh,4,Unknown Governmental Organization,226,Spartan,23.728,90.398,,,,
23,Amgalan,,Asia/Ulaanbaatar,False,True,"[{'id': 2, 'name': 'Government Monitor'}]","[{'id': 68, 'name': 'co µg/m³', 'parameter': {'id': 4, 'name': 'co', 'units': 'µg/m³', 'displayName': 'CO mass'}}, {'id': 5177, 'name': 'no2 µg/m³', 'parameter': {'id': 5, 'name': 'no2', 'units': 'µg/m³', 'displayName': 'NO₂ mass'}}, {'id': 5178, 'name': 'o3 µg/m³', 'parameter': {'id': 3, 'name': 'o3', 'units': 'µg/m³', 'displayName': 'O₃ mass'}}, {'id': 5183, 'name': 'pm10 µg/m³', 'parameter': {'id': 1, 'name': 'pm10', 'units': 'µg/m³', 'displayName': 'PM10'}}, {'id': 42, 'name': 'pm25 µg/m³', 'parameter': {'id': 2, 'name': 'pm25', 'units': 'µg/m³', 'displayName': 'PM2.5'}}, {'id': 5186, 'name': 'so2 µg/m³', 'parameter': {'id': 6, 'name': 'so2', 'units': 'µg/m³', 'displayName': 'SO₂ mass'}}]",,"[106.99790699999998, 47.913429, 106.99790699999998, 47.913429]",,,,47,MN,Mongolia,4,Unknown Governmental Organization,116,Agaar.mn,47.913429,106.99790699999998,2016-01-30T00:30:00Z,2016-01-30T08:30:00+08:00,2019-03-13T22:30:00Z,2019-03-14T06:30:00+08:00
24,SPARTAN - NUS,,Asia/Singapore,False,True,"[{'id': 2, 'name': 'Government Monitor'}]","[{'id': 43, 'name': 'pm25 µg/m³', 'parameter': {'id': 2, 'name': 'pm25', 'units': 'µg/m³', 'displayName': 'PM2.5'}}]",,"[103.78, 1.298, 103.78, 1.298]",,,,231,SG,Singapore,4,Unknown Governmental Organization,226,Spartan,1.298,103.78,,,,
25,Parque O'Higgins,Santiago,America/Santiago,False,True,"[{'id': 2, 'name': 'Government Monitor'}]","[{'id': 1045, 'name': 'co µg/m³', 'parameter': {'id': 4, 'name': 'co', 'units': 'µg/m³', 'displayName': 'CO mass'}}, {'id': 1046, 'name': 'no2 µg/m³', 'parameter': {'id': 5, 'name': 'no2', 'units': 'µg/m³', 'displayName': 'NO₂ mass'}}, {'id': 114, 'name': 'o3 µg/m³', 'parameter': {'id': 3, 'name': 'o3', 'units': 'µg/m³', 'displayName': 'O₃ mass'}}, {'id': 1047, 'name': 'pm10 µg/m³', 'parameter': {'id': 1, 'name': 'pm10', 'units': 'µg/m³', 'displayName': 'PM10'}}, {'id': 1044, 'name': 'pm25 µg/m³', 'parameter': {'id': 2, 'name': 'pm25', 'units': 'µg/m³', 'displayName': 'PM2.5'}}, {'id': 44, 'name': 'so2 µg/m³', 'parameter': {'id': 6, 'name': 'so2', 'units': 'µg/m³', 'displayName': 'SO₂ mass'}}]",,"[-70.660797, -33.464142, -70.660797, -33.464142]",,,,3,CL,Chile,4,Unknown Governmental Organization,164,Chile - SINCA,-33.464142,-70.660797,2016-01-30T01:00:00Z,2016-01-29T22:00:00-03:00,2026-05-19T03:00:00Z,2026-05-18T23:00:00-04:00
26,Inpesca,Talcahuano,America/Santiago,False,True,"[{'id': 2, 'name': 'Government Monitor'}]","[{'id': 45, 'name': 'pm10 µg/m³', 'parameter': {'id': 1, 'name': 'pm10', 'units': 'µg/m³', 'displayName': 'PM10'}}, {'id': 35374, 'name': 'pm25 µg/m³', 'parameter': {'id': 2, 'name': 'pm25', 'units': 'µg/m³', 'displayName': 'PM2.5'}}, {'id': 601, 'name': 'so2 µg/m³', 'parameter': {'id': 6, 'name': 'so2', 'units': 'µg/m³', 'displayName': 'SO₂ mass'}}]",,"[-73.104427, -36.737202, -73.104427, -36.737202]",,,,3,CL,Chile,4,Unknown Governmental Organization,164,Chile - SINCA,-36.737202,-73.104427,2016-01-30T01:00:00Z,2016-01-29T22:00:00-03:00,2026-05-19T03:00:00Z,2026-05-18T23:00:00-04:00
27,Concón,Concón,America/Santiago,False,True,"[{'id': 2, 'name': 'Government Monitor'}]","[{'id': 1410, 'name': 'co µg/m³', 'parameter': {'id': 4, 'name': 'co', 'units': 'µg/m³', 'displayName': 'CO mass'}}, {'id': 124, 'name': 'no2 µg/m³', 'parameter': {'id': 5, 'name': 'no2', 'units': 'µg/m³', 'displayName': 'NO₂ mass'}}, {'id': 46, 'name': 'o3 µg/m³', 'parameter': {'id': 3, 'name': 'o3', 'units': 'µg/m³', 'displayName': 'O₃ mass'}}, {'id': 28735, 'name': 'pm10 µg/m³', 'parameter': {'id': 1, 'name': 'pm10', 'units': 'µg/m³', 'displayName': 'PM10'}}, {'id': 35661, 'name': 'pm25 µg/m³', 'parameter': {'id': 2, 'name': 'pm25', 'units': 'µg/m³', 'displayName': 'PM2.5'}}, {'id': 1412, 'name': 'so2 µg/m³', 'parameter': {'id': 6, 'name': 'so2', 'units': 'µg/m³', 'displayName': 'SO₂ mass'}}]",,"[-71.515399, -32.924568, -71.515399, -32.924568]",,,,3,CL,Chile,4,Unknown Governmental Organization,164,Chile - SINCA,-32.924568,-71.515399,2016-01-30T01:00:00Z,2016-01-29T22:00:00-03:00,2026-05-19T03:00:00Z,2026-05-18T23:00:00-04:00
28,Ursynów,,Europe/Warsaw,False,True,"[{'id': 2, 'name': 'Government Monitor'}]","[{'id': 5009, 'name': 'no2 µg/m³', 'parameter': {'id': 5, 'name': 'no2', 'units': 'µg/m³', 'displayName': 'NO₂ mass'}}, {'id': 5006, 'name': 'o3 µg/m³', 'parameter': {'id': 3, 'name': 'o3', 'units': 'µg/m³', 'displayName': 'O₃ mass'}}, {'id': 5003, 'name': 'pm10 µg/m³', 'parameter': {'id': 1, 'name': 'pm10', 'units': 'µg/m³', 'displayName': 'PM10'}}, {'id': 47, 'name': 'pm25 µg/m³', 'parameter': {'id': 2, 'name': 'pm25', 'units': 'µg/m³', 'displayName': 'PM2.5'}}, {'id': 5001, 'name': 'so2 µg/m³', 'parameter': {'id': 6, 'name': 'so2', 'units': 'µg/m³', 'displayName': 'SO₂ mass'}}]",,"[21.03916667, 52.16077306, 21.03916667, 52.16077306]",,,,77,PL,Poland,4,Unknown Governmental Organization,214,Poland,52.16077306,21.03916667,2016-01-30T01:00:00Z,2016-01-30T02:00:00+01:00,2017-01-08T07:00:00Z,2017-01-08T08:00:00+01:00
30,100 ail,,Asia/Ulaanbaatar,False,True,"[{'id': 2, 'name': 'Government Monitor'}]","[{'id': 5373, 'name': 'co µg/m³', 'parameter': {'id': 4, 'name': 'co', 'units': 'µg/m³', 'displayName': 'CO mass'}}, {'id': 5368, 'name': 'no2 µg/m³', 'parameter': {'id': 5, 'name': 'no2', 'units': 'µg/m³', 'displayName': 'NO₂ mass'}}, {'id': 5360, 'name': 'o3 µg/m³', 'parameter': {'id': 3, 'name': 'o3', 'units': 'µg/m³', 'displayName': 'O₃ mass'}}, {'id': 49, 'name': 'pm10 µg/m³', 'parameter': {'id': 1, 'name': 'pm10', 'units': 'µg/m³', 'displayName': 'PM10'}}, {'id': 5342, 'name': 'so2 µg/m³', 'parameter': {'id': 6, 'name': 'so2', 'units': 'µg/m³', 'displayName': 'SO₂ mass'}}]",,"[106.9213833, 47.9329056, 106.9213833, 47.9329056]",,,,47,MN,Mongolia,4,Unknown Governmental Organization,116,Agaar.mn,47.9329056,106.9213833,2016-01-30T01:00:00Z,2016-01-30T09:00:00+08:00,2019-03-13T22:00:00Z,2019-03-14T06:00:00+08:00
31,Wekerom-Riemterdijk,Wekerom,Europe/Amsterdam,False,True,"[{'id': 2, 'name': 'Government Monitor'}]","[{'id': 4275693, 'name': 'no µg/m³', 'parameter': {'id': 19843, 'name': 'no', 'units': 'µg/m³', 'displayName': 'NO mass'}}, {'id': 4642, 'name': 'no2 µg/m³', 'parameter': {'id': 5, 'name': 'no2', 'units': 'µg/m³', 'displayName': 'NO₂ mass'}}, {'id': 4649, 'name': 'o3 µg/m³', 'parameter': {'id': 3, 'name': 'o3', 'units': 'µg/m³', 'displayName': 'O₃ mass'}}, {'id': 4650, 'name': 'pm10 µg/m³', 'parameter': {'id': 1, 'name': 'pm10', 'units': 'µg/m³', 'displayName': 'PM10'}}, {'id': 50, 'name': 'pm25 µg/m³', 'parameter': {'id': 2, 'name': 'pm25', 'units': 'µg/m³', 'displayName': 'PM2.5'}}]","[{'id': 10, 'name': 'ODC-BY', 'attribution': {'name': 'Unknown Governmental Organization', 'url': None}, 'dateFrom': '2016-11-17', 'dateTo': None}]","[5.708418999868416, 52.11162100019676, 5.708418999868416, 52.11162100019676]",,,,94,NL,Netherlands,4,Unknown Governmental Organization,70,EEA,52.11162100019676,5.708418999868416,2016-01-30T01:00:00Z,2016-01-30T02:00:00+01:00,2026-05-19T04:00:00Z,2026-05-19T06:00:00+02:00
32,SPARTAN - Tsinghua University,,Asia/Shanghai,False,True,"[{'id': 2, 'name': 'Government Monitor'}]","[{'id': 51, 'name': 'pm25 µg/m³', 'parameter': {'id': 2, 'name': 'pm25', 'units': 'µg/m³', 'displayName': 'PM2.5'}}]",,"[116.333, 40.01, 116.333, 40.01]",,,,10,CN,China,4,Unknown Governmental Organization,226,Spartan,40.01,116.333,,,,
33,Zaanstad-Hemkade,Zaandam,Europe/Amsterdam,False,True,"[{'id': 2, 'name': 'Government Monitor'}]","[{'id': 4276093, 'name': 'no µg/m³', 'parameter': {'id': 19843, 'name': 'no', 'units': 'µg/m³', 'displayName': 'NO mass'}}, {'id': 52, 'name': 'no2 µg/m³', 'parameter': {'id': 5, 'name': 'no2', 'units': 'µg/m³', 'displayName': 'NO₂ mass'}}, {'id': 4612, 'name': 'pm10 µg/m³', 'parameter': {'id': 1, 'name': 'pm10', 'units': 'µg/m³', 'displayName': 'PM10'}}]","[{'id': 10, 'name': 'ODC-BY', 'attribution': {'name': 'Unknown Governmental Organization', 'url': None}, 'dateFrom': '2016-11-17', 'dateTo': None}]","[4.832060000156797, 52.420230000140556, 4.832060000156797, 52.420230000140556]",,,,94,NL,Netherlands,4,Unknown Governmental Organization,70,EEA,52.420230000140556,4.832060000156797,2016-01-30T01:00:00Z,2016-01-30T02:00:00+01:00,2026-05-19T04:00:00Z,2026-05-19T06:00:00+02:00
34,SPARTAN - Weizmann Institute,,Asia/Jerusalem,False,True,"[{'id': 2, 'name': 'Government Monitor'}]","[{'id': 53, 'name': 'pm25 µg/m³', 'parameter': {'id': 2, 'name': 'pm25', 'units': 'µg/m³', 'displayName': 'PM2.5'}}]",,"[34.81, 31.907, 34.81, 31.907]",,,,11,IL,Israel,4,Unknown Governmental Organization,226,Spartan,31.907,34.81,,,,
38,Cauquenes,Machalí,America/Santiago,False,True,"[{'id': 2, 'name': 'Government Monitor'}]","[{'id': 58, 'name': 'so2 µg/m³', 'parameter': {'id': 6, 'name': 'so2', 'units': 'µg/m³', 'displayName': 'SO₂ mass'}}]",,"[-70.55283, -34.241168, -70.55283, -34.241168]",,,,3,CL,Chile,4,Unknown Governmental Organization,164,Chile - SINCA,-34.241168,-70.55283,2016-02-11T12:00:00Z,2016-02-11T09:00:00-03:00,2026-05-19T03:00:00Z,2026-05-18T23:00:00-04:00
39,Gobernación,Tocopilla,America/Santiago,False,True,"[{'id': 2, 'name': 'Government Monitor'}]","[{'id': 87, 'name': 'pm10 µg/m³', 'parameter': {'id': 1, 'name': 'pm10', 'units': 'µg/m³', 'displayName': 'PM10'}}, {'id': 59, 'name': 'so2 µg/m³', 'parameter': {'id': 6, 'name': 'so2', 'units': 'µg/m³', 'displayName': 'SO₂ mass'}}]",,"[-70.20121, -22.093082, -70.20121, -22.093082]",,,,3,CL,Chile,4,Unknown Governmental Organization,164,Chile - SINCA,-22.093082,-70.20121,2016-01-30T01:00:00Z,2016-01-29T22:00:00-03:00,2026-05-19T04:00:00Z,2026-05-19T00:00:00-04:00
41,Groningen-Europaweg,Groningen,Europe/Amsterdam,False,True,"[{'id': 2, 'name': 'Government Monitor'}]","[{'id': 4275972, 'name': 'no µg/m³', 'parameter': {'id': 19843, 'name': 'no', 'units': 'µg/m³', 'displayName': 'NO mass'}}, {'id': 4217, 'name': 'no2 µg/m³', 'parameter': {'id': 5, 'name': 'no2', 'units': 'µg/m³', 'displayName': 'NO₂ mass'}}, {'id': 4216, 'name': 'pm10 µg/m³', 'parameter': {'id': 1, 'name': 'pm10', 'units': 'µg/m³', 'displayName': 'PM10'}}, {'id': 61, 'name': 'pm25 µg/m³', 'parameter': {'id': 2, 'name': 'pm25', 'units': 'µg/m³', 'displayName': 'PM2.5'}}]",,"[6.5789, 53.2178, 6.5789, 53.2178]",,,,94,NL,Netherlands,4,Unknown Governmental Organization,210,Netherlands,53.2178,6.5789,2016-01-30T01:00:00Z,2016-01-30T02:00:00+01:00,2026-05-19T04:00:00Z,2026-05-19T06:00:00+02:00
42,SPARTAN - Ilorin University,,Africa/Lagos,False,True,"[{'id': 2, 'name': 'Government Monitor'}]","[{'id': 62, 'name': 'pm25 µg/m³', 'parameter': {'id': 2, 'name': 'pm25', 'units': 'µg/m³', 'displayName': 'PM2.5'}}]",,"[4.675, 8.484, 4.675, 8.484]",,,,100,NG,Nigeria,4,Unknown Governmental Organization,226,Spartan,8.484,4.675,,,,
43,Konarskiego,,Europe/Warsaw,False,True,"[{'id': 2, 'name': 'Government Monitor'}]","[{'id': 4990, 'name': 'co µg/m³', 'parameter': {'id': 4, 'name': 'co', 'units': 'µg/m³', 'displayName': 'CO mass'}}, {'id': 4987, 'name': 'no2 µg/m³', 'parameter': {'id': 5, 'name': 'no2', 'units': 'µg/m³', 'displayName': 'NO₂ mass'}}, {'id': 4986, 'name': 'o3 µg/m³', 'parameter': {'id': 3, 'name': 'o3', 'units': 'µg/m³', 'displayName': 'O₃ mass'}}, {'id': 4985, 'name': 'pm10 µg/m³', 'parameter': {'id': 1, 'name': 'pm10', 'units': 'µg/m³', 'displayName': 'PM10'}}, {'id': 63, 'name': 'pm25 µg/m³', 'parameter': {'id': 2, 'name': 'pm25', 'units': 'µg/m³', 'displayName': 'PM2.5'}}, {'id': 4984, 'name': 'so2 µg/m³', 'parameter': {'id': 6, 'name': 'so2', 'units': 'µg/m³', 'displayName': 'SO₂ mass'}}]",,"[22.27277778, 52.17203333, 22.27277778, 52.17203333]",,,,77,PL,Poland,4,Unknown Governmental Organization,214,Poland,52.17203333,22.27277778,2016-01-30T01:00:00Z,2016-01-30T02:00:00+01:00,2017-01-08T07:00:00Z,2017-01-08T08:00:00+01:00
44,Heerlen-Jamboreepad,Heerlen,Europe/Amsterdam,False,True,"[{'id': 2, 'name': 'Government Monitor'}]","[{'id': 4275805, 'name': 'no µg/m³', 'parameter': {'id': 19843, 'name': 'no', 'units': 'µg/m³', 'displayName': 'NO mass'}}, {'id': 64, 'name': 'no2 µg/m³', 'parameter': {'id': 5, 'name': 'no2', 'units': 'µg/m³', 'displayName': 'NO₂ mass'}}, {'id': 4194, 'name': 'o3 µg/m³', 'parameter': {'id': 3, 'name': 'o3', 'units': 'µg/m³', 'displayName': 'O₃ mass'}}, {'id': 4198, 'name': 'pm10 µg/m³', 'parameter': {'id': 1, 'name': 'pm10', 'units': 'µg/m³', 'displayName': 'PM10'}}, {'id': 4202, 'name': 'pm25 µg/m³', 'parameter': {'id': 2, 'name': 'pm25', 'units': 'µg/m³', 'displayName': 'PM2.5'}}]","[{'id': 10, 'name': 'ODC-BY', 'attribution': {'name': 'Unknown Governmental Organization', 'url': None}, 'dateFrom': '2016-11-17', 'dateTo': None}]","[5.986852999872599, 50.90031700019946, 5.986852999872599, 50.90031700019946]",,,,94,NL,Netherlands,4,Unknown Governmental Organization,70,EEA,50.90031700019946,5.986852999872599,2016-01-30T01:00:00Z,2016-01-30T02:00:00+01:00,2026-05-19T04:00:00Z,2026-05-19T06:00:00+02:00
45,Puente Alto,Puente Alto,America/Santiago,False,True,"[{'id': 2, 'name': 'Government Monitor'}]","[{'id': 65, 'name': 'co µg/m³', 'parameter': {'id': 4, 'name': 'co', 'units': 'µg/m³', 'displayName': 'CO mass'}}, {'id': 4182, 'name': 'no2 µg/m³', 'parameter': {'id': 5, 'name': 'no2', 'units': 'µg/m³', 'displayName': 'NO₂ mass'}}, {'id': 4228, 'name': 'o3 µg/m³', 'parameter': {'id': 3, 'name': 'o3', 'units': 'µg/m³', 'displayName': 'O₃ mass'}}, {'id': 4533, 'name': 'pm10 µg/m³', 'parameter': {'id': 1, 'name': 'pm10', 'units': 'µg/m³', 'displayName': 'PM10'}}, {'id': 4099, 'name': 'pm25 µg/m³', 'parameter': {'id': 2, 'name': 'pm25', 'units': 'µg/m³', 'displayName': 'PM2.5'}}, {'id': 1647, 'name': 'so2 µg/m³', 'parameter': {'id': 6, 'name': 'so2', 'units': 'µg/m³', 'displayName': 'SO₂ mass'}}]",,"[-70.594788, -33.591390623022, -70.594788, -33.591390623022]",,,,3,CL,Chile,4,Unknown Governmental Organization,164,Chile - SINCA,-33.591390623022,-70.594788,2016-01-30T01:00:00Z,2016-01-29T22:00:00-03:00,2026-05-19T03:00:00Z,2026-05-18T23:00:00-04:00
46,Bukhiin urguu,,Asia/Ulaanbaatar,False,True,"[{'id': 2, 'name': 'Government Monitor'}]","[{'id': 1454, 'name': 'co µg/m³', 'parameter': {'id': 4, 'name': 'co', 'units': 'µg/m³', 'displayName': 'CO mass'}}, {'id': 1445, 'name': 'no2 µg/m³', 'parameter': {'id': 5, 'name': 'no2', 'units': 'µg/m³', 'displayName': 'NO₂ mass'}}, {'id': 1465, 'name': 'o3 µg/m³', 'parameter': {'id': 3, 'name': 'o3', 'units': 'µg/m³', 'displayName': 'O₃ mass'}}, {'id': 1464, 'name': 'pm10 µg/m³', 'parameter': {'id': 1, 'name': 'pm10', 'units': 'µg/m³', 'displayName': 'PM10'}}, {'id': 1446, 'name': 'pm25 µg/m³', 'parameter': {'id': 2, 'name': 'pm25', 'units': 'µg/m³', 'displayName': 'PM2.5'}}, {'id': 66, 'name': 'so2 µg/m³', 'parameter': {'id': 6, 'name': 'so2', 'units': 'µg/m³', 'displayName': 'SO₂ mass'}}]",,"[106.93736109999999, 47.9176056, 106.93736109999999, 47.9176056]",,,,47,MN,Mongolia,4,Unknown Governmental Organization,116,Agaar.mn,47.9176056,106.93736109999999,2016-01-30T01:00:00Z,2016-01-30T09:00:00+08:00,2019-03-13T22:00:00Z,2019-03-14T06:00:00+08:00
47,Valparaiso,Valparaíso,America/Santiago,False,True,"[{'id': 2, 'name': 'Government Monitor'}]","[{'id': 9180, 'name': 'co µg/m³', 'parameter': {'id': 4, 'name': 'co', 'units': 'µg/m³', 'displayName': 'CO mass'}}, {'id': 9181, 'name': 'no2 µg/m³', 'parameter': {'id': 5, 'name': 'no2', 'units': 'µg/m³', 'displayName': 'NO₂ mass'}}, {'id': 9182, 'name': 'o3 µg/m³', 'parameter': {'id': 3, 'name': 'o3', 'units': 'µg/m³', 'displayName': 'O₃ mass'}}, {'id': 9217, 'name': 'pm10 µg/m³', 'parameter': {'id': 1, 'name': 'pm10', 'units': 'µg/m³', 'displayName': 'PM10'}}, {'id': 67, 'name': 'pm25 µg/m³', 'parameter': {'id': 2, 'name': 'pm25', 'units': 'µg/m³', 'displayName': 'PM2.5'}}, {'id': 9183, 'name': 'so2 µg/m³', 'parameter': {'id': 6, 'name': 'so2', 'units': 'µg/m³', 'displayName': 'SO₂ mass'}}]",,"[-71.614167231712, -33.049743798096, -71.614167231712, -33.049743798096]",,,,3,CL,Chile,4,Unknown Governmental Organization,164,Chile - SINCA,-33.049743798096,-71.614167231712,2016-01-30T01:00:00Z,2016-01-29T22:00:00-03:00,2026-05-19T03:00:00Z,2026-05-18T23:00:00-04:00
48,Baruun 4 zam,,Asia/Ulaanbaatar,False,True,"[{'id': 2, 'name': 'Government Monitor'}]","[{'id': 108, 'name': 'co µg/m³', 'parameter': {'id': 4, 'name': 'co', 'units': 'µg/m³', 'displayName': 'CO mass'}}, {'id': 150, 'name': 'no2 µg/m³', 'parameter': {'id': 5, 'name': 'no2', 'units': 'µg/m³', 'displayName': 'NO₂ mass'}}, {'id': 1460, 'name': 'pm10 µg/m³', 'parameter': {'id': 1, 'name': 'pm10', 'units': 'µg/m³', 'displayName': 'PM10'}}, {'id': 69, 'name': 'pm25 µg/m³', 'parameter': {'id': 2, 'name': 'pm25', 'units': 'µg/m³', 'displayName': 'PM2.5'}}, {'id': 123, 'name': 'so2 µg/m³', 'parameter': {'id': 6, 'name': 'so2', 'units': 'µg/m³', 'displayName': 'SO₂ mass'}}]",,"[106.89419440000002, 47.9153833, 106.89419440000002, 47.9153833]",,,,47,MN,Mongolia,4,Unknown Governmental Organization,116,Agaar.mn,47.9153833,106.89419440000002,2016-01-30T01:00:00Z,2016-01-30T09:00:00+08:00,2019-03-13T22:00:00Z,2019-03-14T06:00:00+08:00
49,"Phahol Yothin Rd., Khet Chatuchak",,Asia/Bangkok,False,True,"[{'id': 2, 'name': 'Government Monitor'}]","[{'id': 92, 'name': 'co ppm', 'parameter': {'id': 8, 'name': 'co', 'units': 'ppm', 'displayName': 'CO'}}, {'id': 74, 'name': 'no2 ppm', 'parameter': {'id': 7, 'name': 'no2', 'units': 'ppm', 'displayName': 'NO₂'}}, {'id': 70, 'name': 'pm10 µg/m³', 'parameter': {'id': 1, 'name': 'pm10', 'units': 'µg/m³', 'displayName': 'PM10'}}]",,"[100.551338, 13.797855, 100.551338, 13.797855]",,,,111,TH,Thailand,4,Unknown Governmental Organization,281,Thailand,13.797855,100.551338,,,,
50,"Punjabi Bagh, Delhi - DPCC",,Asia/Kolkata,False,True,"[{'id': 2, 'name': 'Government Monitor'}, {'id': 2, 'name': 'Government Monitor'}]","[{'id': 398, 'name': 'co µg/m³', 'parameter': {'id': 4, 'name': 'co', 'units': 'µg/m³', 'displayName': 'CO mass'}}, {'id': 12234791, 'name': 'co ppb', 'parameter': {'id': 102, 'name': 'co', 'units': 'ppb', 'displayName': 'CO'}}, {'id': 12234792, 'name': 'no ppb', 'parameter': {'id': 24, 'name': 'no', 'units': 'ppb', 'displayName': 'NO'}}, {'id': 12234793, 'name': 'no2 ppb', 'parameter': {'id': 15, 'name': 'no2', 'units': 'ppb', 'displayName': 'NO₂'}}, {'id': 400, 'name': 'no2 µg/m³', 'parameter': {'id': 5, 'name': 'no2', 'units': 'µg/m³', 'displayName': 'NO₂ mass'}}, {'id': 14340716, 'name': 'nox ppb', 'parameter': {'id': 23, 'name': 'nox', 'units': 'ppb', 'displayName': 'NOX'}}, {'id': 12234794, 'name': 'o3 µg/m³', 'parameter': {'id': 3, 'name': 'o3', 'units': 'µg/m³', 'displayName': 'O₃ mass'}}, {'id': 71, 'name': 'o3 µg/m³', 'parameter': {'id': 3, 'name': 'o3', 'units': 'µg/m³', 'displayName': 'O₃ mass'}}, {'id': 395, 'name': 'pm10 µg/m³', 'parameter': {'id': 1, 'name': 'pm10', 'units': 'µg/m³', 'displayName': 'PM10'}}, {'id': 12234795, 'name': 'pm10 µg/m³', 'parameter': {'id': 1, 'name': 'pm10', 'units': 'µg/m³', 'displayName': 'PM10'}}, {'id': 12234796, 'name': 'pm25 µg/m³', 'parameter': {'id': 2, 'name': 'pm25', 'units': 'µg/m³', 'displayName': 'PM2.5'}}, {'id': 396, 'name': 'pm25 µg/m³', 'parameter': {'id': 2, 'name': 'pm25', 'units': 'µg/m³', 'displayName': 'PM2.5'}}, {'id': 12234797, 'name': 'relativehumidity %', 'parameter': {'id': 98, 'name': 'relativehumidity', 'units': '%', 'displayName': 'RH'}}, {'id': 397, 'name': 'so2 µg/m³', 'parameter': {'id': 6, 'name': 'so2', 'units': 'µg/m³', 'displayName': 'SO₂ mass'}}, {'id': 12234798, 'name': 'so2 ppb', 'parameter': {'id': 101, 'name': 'so2', 'units': 'ppb', 'displayName': 'SO₂'}}, {'id': 12234799, 'name': 'temperature c', 'parameter': {'id': 100, 'name': 'temperature', 'units': 'c', 'displayName': 'Temperature (C)'}}, {'id': 14340717, 'name': 'wind_direction deg', 'parameter': {'id': 22, 'name': 'wind_direction', 'units': 'deg', 'displayName': 'Wind direction'}}, {'id': 14340718, 'name': 'wind_speed m/s', 'parameter': {'id': 34, 'name': 'wind_speed', 'units': 'm/s', 'displayName': 'Wind speed'}}]",,"[77.131023, 28.674045, 77.131023, 28.674045]",,,,9,IN,India,8524,Delhi Pollution Control Committee,168,CPCB,28.674045,77.131023,2016-02-05T14:55:00Z,2016-02-05T20:25:00+05:30,2026-05-19T04:30:00Z,2026-05-19T10:00:00+05:30
51,Wieringerwerf-Medemblikkerweg,Wieringerwerf,Europe/Amsterdam,False,True,"[{'id': 2, 'name': 'Government Monitor'}]","[{'id': 4275809, 'name': 'no µg/m³', 'parameter': {'id': 19843, 'name': 'no', 'units': 'µg/m³', 'displayName': 'NO mass'}}, {'id': 72, 'name': 'no2 µg/m³', 'parameter': {'id': 5, 'name': 'no2', 'units': 'µg/m³', 'displayName': 'NO₂ mass'}}, {'id': 4162, 'name': 'o3 µg/m³', 'parameter': {'id': 3, 'name': 'o3', 'units': 'µg/m³', 'displayName': 'O₃ mass'}}, {'id': 4158, 'name': 'pm10 µg/m³', 'parameter': {'id': 1, 'name': 'pm10', 'units': 'µg/m³', 'displayName': 'PM10'}}, {'id': 4154, 'name': 'pm25 µg/m³', 'parameter': {'id': 2, 'name': 'pm25', 'units': 'µg/m³', 'displayName': 'PM2.5'}}]",,"[5.05051, 52.803700000000006, 5.05051, 52.803700000000006]",,,,94,NL,Netherlands,4,Unknown Governmental Organization,210,Netherlands,52.803700000000006,5.05051,2016-01-30T01:00:00Z,2016-01-30T02:00:00+01:00,2026-05-19T04:00:00Z,2026-05-19T06:00:00+02:00
52,Rotterdam-Oost Sidelinge A13,Rotterdam,Europe/Amsterdam,False,True,"[{'id': 2, 'name': 'Government Monitor'}]","[{'id': 4276171, 'name': 'no µg/m³', 'parameter': {'id': 19843, 'name': 'no', 'units': 'µg/m³', 'displayName': 'NO mass'}}, {'id': 4299, 'name': 'no2 µg/m³', 'parameter': {'id': 5, 'name': 'no2', 'units': 'µg/m³', 'displayName': 'NO₂ mass'}}, {'id': 4300, 'name': 'pm10 µg/m³', 'parameter': {'id': 1, 'name': 'pm10', 'units': 'µg/m³', 'displayName': 'PM10'}}, {'id': 73, 'name': 'pm25 µg/m³', 'parameter': {'id': 2, 'name': 'pm25', 'units': 'µg/m³', 'displayName': 'PM2.5'}}]","[{'id': 10, 'name': 'ODC-BY', 'attribution': {'name': 'Unknown Governmental Organization', 'url': None}, 'dateFrom': '2016-11-17', 'dateTo': None}]","[4.430691999983553, 51.938472000211014, 4.430691999983553, 51.938472000211014]",,,,94,NL,Netherlands,4,Unknown Governmental Organization,70,EEA,51.938472000211014,4.430691999983553,2016-01-30T01:00:00Z,2016-01-30T02:00:00+01:00,2025-09-04T13:00:00Z,2025-09-04T15:00:00+02:00
53,Shenyang,Shenyang,Asia/Shanghai,False,True,"[{'id': 2, 'name': 'Government Monitor'}]","[{'id': 5079217, 'name': 'pm25 µg/m³', 'parameter': {'id': 2, 'name': 'pm25', 'units': 'µg/m³', 'displayName': 'PM2.5'}}]",,"[123.42, 41.78, 123.42, 41.78]",,,,10,CN,China,4,Unknown Governmental Organization,230,Shenyang,41.78,123.42,2021-05-18T01:00:00Z,2021-05-18T09:00:00+08:00,2023-08-18T12:00:00Z,2023-08-18T20:00:00+08:00
54,Talagante,Talagante,America/Santiago,False,True,"[{'id': 2, 'name': 'Government Monitor'}]","[{'id': 4385, 'name': 'co µg/m³', 'parameter': {'id': 4, 'name': 'co', 'units': 'µg/m³', 'displayName': 'CO mass'}}, {'id': 1516, 'name': 'no2 µg/m³', 'parameter': {'id': 5, 'name': 'no2', 'units': 'µg/m³', 'displayName': 'NO₂ mass'}}, {'id': 4387, 'name': 'o3 µg/m³', 'parameter': {'id': 3, 'name': 'o3', 'units': 'µg/m³', 'displayName': 'O₃ mass'}}, {'id': 76, 'name': 'pm10 µg/m³', 'parameter': {'id': 1, 'name': 'pm10', 'units': 'µg/m³', 'displayName': 'PM10'}}, {'id': 3013, 'name': 'pm25 µg/m³', 'parameter': {'id': 2, 'name': 'pm25', 'units': 'µg/m³', 'displayName': 'PM2.5'}}, {'id': 1682, 'name': 'so2 µg/m³', 'parameter': {'id': 6, 'name': 'so2', 'units': 'µg/m³', 'displayName': 'SO₂ mass'}}]",,"[-70.953064737434, -33.673752071375, -70.953064737434, -33.673752071375]",,,,3,CL,Chile,4,Unknown Governmental Organization,164,Chile - SINCA,-33.673752071375,-70.953064737434,2016-01-30T01:00:00Z,2016-01-29T22:00:00-03:00,2026-05-19T03:00:00Z,2026-05-18T23:00:00-04:00
55,Utrecht-Kardinaal de Jongweg,Utrecht,Europe/Amsterdam,False,True,"[{'id': 2, 'name': 'Government Monitor'}]","[{'id': 4276081, 'name': 'no µg/m³', 'parameter': {'id': 19843, 'name': 'no', 'units': 'µg/m³', 'displayName': 'NO mass'}}, {'id': 4117, 'name': 'no2 µg/m³', 'parameter': {'id': 5, 'name': 'no2', 'units': 'µg/m³', 'displayName': 'NO₂ mass'}}, {'id': 1301475, 'name': 'o3 µg/m³', 'parameter': {'id': 3, 'name': 'o3', 'units': 'µg/m³', 'displayName': 'O₃ mass'}}, {'id': 77, 'name': 'pm10 µg/m³', 'parameter': {'id': 1, 'name': 'pm10', 'units': 'µg/m³', 'displayName': 'PM10'}}, {'id': 4118, 'name': 'pm25 µg/m³', 'parameter': {'id': 2, 'name': 'pm25', 'units': 'µg/m³', 'displayName': 'PM2.5'}}]","[{'id': 10, 'name': 'ODC-BY', 'attribution': {'name': 'Unknown Governmental Organization', 'url': None}, 'dateFrom': '2016-11-17', 'dateTo': None}]","[5.124434999970995, 52.10506300014719, 5.124434999970995, 52.10506300014719]",,,,94,NL,Netherlands,4,Unknown Governmental Organization,70,EEA,52.10506300014719,5.124434999970995,2016-01-30T01:00:00Z,2016-01-30T02:00:00+01:00,2026-05-19T04:00:00Z,2026-05-19T06:00:00+02:00
57,"Khlong Nueng, Khlong Luang",,Asia/Bangkok,False,True,"[{'id': 2, 'name': 'Government Monitor'}]","[{'id': 84, 'name': 'co ppm', 'parameter': {'id': 8, 'name': 'co', 'units': 'ppm', 'displayName': 'CO'}}, {'id': 22240, 'name': 'no2 ppm', 'parameter': {'id': 7, 'name': 'no2', 'units': 'ppm', 'displayName': 'NO₂'}}, {'id': 22211, 'name': 'o3 ppm', 'parameter': {'id': 10, 'name': 'o3', 'units': 'ppm', 'displayName': 'O₃'}}, {'id': 83, 'name': 'pm10 µg/m³', 'parameter': {'id': 1, 'name': 'pm10', 'units': 'µg/m³', 'displayName': 'PM10'}}, {'id': 22241, 'name': 'so2 ppm', 'parameter': {'id': 9, 'name': 'so2', 'units': 'ppm', 'displayName': 'SO₂'}}]",,"[100.60873959621, 14.040299305494, 100.60873959621, 14.040299305494]",,,,111,TH,Thailand,4,Unknown Governmental Organization,281,Thailand,14.040299305494,100.60873959621,2016-08-29T07:00:00Z,2016-08-29T14:00:00+07:00,2020-05-16T08:00:00Z,2020-05-16T15:00:00+07:00
58,Zegveld-Oude Meije,Zegveld,Europe/Amsterdam,False,True,"[{'id': 2, 'name': 'Government Monitor'}]","[{'id': 85, 'name': 'co µg/m³', 'parameter': {'id': 4, 'name': 'co', 'units': 'µg/m³', 'displayName': 'CO mass'}}, {'id': 4275687, 'name': 'no µg/m³', 'parameter': {'id': 19843, 'name': 'no', 'units': 'µg/m³', 'displayName': 'NO mass'}}, {'id': 4474, 'name': 'no2 µg/m³', 'parameter': {'id': 5, 'name': 'no2', 'units': 'µg/m³', 'displayName': 'NO₂ mass'}}, {'id': 4690, 'name': 'o3 µg/m³', 'parameter': {'id': 3, 'name': 'o3', 'units': 'µg/m³', 'displayName': 'O₃ mass'}}, {'id': 4355, 'name': 'pm10 µg/m³', 'parameter': {'id': 1, 'name': 'pm10', 'units': 'µg/m³', 'displayName': 'PM10'}}]","[{'id': 10, 'name': 'ODC-BY', 'attribution': {'name': 'Unknown Governmental Organization', 'url': None}, 'dateFrom': '2016-11-17', 'dateTo': None}]","[4.83819000034937, 52.137949999962665, 4.83819000034937, 52.137949999962665]",,,,94,NL,Netherlands,4,Unknown Governmental Organization,70,EEA,52.137949999962665,4.83819000034937,2016-01-30T01:00:00Z,2016-01-30T02:00:00+01:00,2026-05-19T04:00:00Z,2026-05-19T06:00:00+02:00
59,Nisekh,,Asia/Ulaanbaatar,False,True,"[{'id': 2, 'name': 'Government Monitor'}]","[{'id': 1513, 'name': 'co µg/m³', 'parameter': {'id': 4, 'name': 'co', 'units': 'µg/m³', 'displayName': 'CO mass'}}, {'id': 1514, 'name': 'no2 µg/m³', 'parameter': {'id': 5, 'name': 'no2', 'units': 'µg/m³', 'displayName': 'NO₂ mass'}}, {'id': 86, 'name': 'o3 µg/m³', 'parameter': {'id': 3, 'name': 'o3', 'units': 'µg/m³', 'displayName': 'O₃ mass'}}, {'id': 1511, 'name': 'pm10 µg/m³', 'parameter': {'id': 1, 'name': 'pm10', 'units': 'µg/m³', 'displayName': 'PM10'}}, {'id': 1507, 'name': 'pm25 µg/m³', 'parameter': {'id': 2, 'name': 'pm25', 'units': 'µg/m³', 'displayName': 'PM2.5'}}, {'id': 1509, 'name': 'so2 µg/m³', 'parameter': {'id': 6, 'name': 'so2', 'units': 'µg/m³', 'displayName': 'SO₂ mass'}}]",,"[106.779094, 47.863943, 106.779094, 47.863943]",,,,47,MN,Mongolia,4,Unknown Governmental Organization,116,Agaar.mn,47.863943,106.779094,2016-02-16T07:00:00Z,2016-02-16T15:00:00+08:00,2019-03-13T22:30:00Z,2019-03-14T06:30:00+08:00
60,Haringey Roadside - UKA00260,Haringey,Europe/London,False,True,"[{'id': 2, 'name': 'Government Monitor'}]","[{'id': 88, 'name': 'no2 µg/m³', 'parameter': {'id': 5, 'name': 'no2', 'units': 'µg/m³', 'displayName': 'NO₂ mass'}}, {'id': 206, 'name': 'pm25 µg/m³', 'parameter': {'id': 2, 'name': 'pm25', 'units': 'µg/m³', 'displayName': 'PM2.5'}}]","[{'id': 10, 'name': 'ODC-BY', 'attribution': {'name': 'Unknown Governmental Organization', 'url': None}, 'dateFrom': '2016-11-17', 'dateTo': None}]","[-0.06821799979396657, 51.59929999967941, -0.06821799979396657, 51.59929999967941]",,,,79,GB,United Kingdom,4,Unknown Governmental Organization,70,EEA,51.59929999967941,-0.06821799979396657,2016-01-30T01:00:00Z,2016-01-30T01:00:00Z,2026-05-19T03:00:00Z,2026-05-19T04:00:00+01:00
61,Coya Población,Machalí,America/Santiago,False,True,"[{'id': 2, 'name': 'Government Monitor'}]","[{'id': 89, 'name': 'so2 µg/m³', 'parameter': {'id': 6, 'name': 'so2', 'units': 'µg/m³', 'displayName': 'SO₂ mass'}}]",,"[-70.529854, -34.203524, -70.529854, -34.203524]",,,,3,CL,Chile,4,Unknown Governmental Organization,164,Chile - SINCA,-34.203524,-70.529854,2016-01-30T01:00:00Z,2016-01-29T22:00:00-03:00,2026-05-19T03:00:00Z,2026-05-18T23:00:00-04:00
63,Philippine-Stelleweg,Philippine,Europe/Amsterdam,False,True,"[{'id': 2, 'name': 'Government Monitor'}]","[{'id': 4275843, 'name': 'no µg/m³', 'parameter': {'id': 19843, 'name': 'no', 'units': 'µg/m³', 'displayName': 'NO mass'}}, {'id': 4496, 'name': 'no2 µg/m³', 'parameter': {'id': 5, 'name': 'no2', 'units': 'µg/m³', 'displayName': 'NO₂ mass'}}, {'id': 4635, 'name': 'o3 µg/m³', 'parameter': {'id': 3, 'name': 'o3', 'units': 'µg/m³', 'displayName': 'O₃ mass'}}, {'id': 91, 'name': 'pm10 µg/m³', 'parameter': {'id': 1, 'name': 'pm10', 'units': 'µg/m³', 'displayName': 'PM10'}}, {'id': 4519, 'name': 'so2 µg/m³', 'parameter': {'id': 6, 'name': 'so2', 'units': 'µg/m³', 'displayName': 'SO₂ mass'}}]",,"[3.7494799999999997, 51.29449999999999, 3.7494799999999997, 51.29449999999999]",,,,94,NL,Netherlands,4,Unknown Governmental Organization,210,Netherlands,51.29449999999999,3.7494799999999997,2016-01-30T01:00:00Z,2016-01-30T02:00:00+01:00,2026-05-19T04:00:00Z,2026-05-19T06:00:00+02:00
64,Mustang Bayou C619,,America/Chicago,False,True,"[{'id': 2, 'name': 'Government Monitor'}]","[{'id': 93, 'name': 'no2 ppm', 'parameter': {'id': 7, 'name': 'no2', 'units': 'ppm', 'displayName': 'NO₂'}}, {'id': 94, 'name': 'o3 ppm', 'parameter': {'id': 10, 'name': 'o3', 'units': 'ppm', 'displayName': 'O₃'}}]",,"[-95.19991, 29.308562, -95.19991, 29.308562]",,,,155,US,United States,4,Unknown Governmental Organization,280,Texas,29.308562,-95.19991,,,,
65,Punteras,Chiguayante,America/Santiago,False,True,"[{'id': 2, 'name': 'Government Monitor'}]","[{'id': 9210, 'name': 'co µg/m³', 'parameter': {'id': 4, 'name': 'co', 'units': 'µg/m³', 'displayName': 'CO mass'}}, {'id': 9211, 'name': 'no2 µg/m³', 'parameter': {'id': 5, 'name': 'no2', 'units': 'µg/m³', 'displayName': 'NO₂ mass'}}, {'id': 9213, 'name': 'o3 µg/m³', 'parameter': {'id': 3, 'name': 'o3', 'units': 'µg/m³', 'displayName': 'O₃ mass'}}, {'id': 1379, 'name': 'pm10 µg/m³', 'parameter': {'id': 1, 'name': 'pm10', 'units': 'µg/m³', 'displayName': 'PM10'}}, {'id': 95, 'name': 'pm25 µg/m³', 'parameter': {'id': 2, 'name': 'pm25', 'units': 'µg/m³', 'displayName': 'PM2.5'}}, {'id': 9215, 'name': 'so2 µg/m³', 'parameter': {'id': 6, 'name': 'so2', 'units': 'µg/m³', 'displayName': 'SO₂ mass'}}]",,"[-73.036132300941, -36.923329602986, -73.036132300941, -36.923329602986]",,,,3,CL,Chile,4,Unknown Governmental Organization,164,Chile - SINCA,-36.923329602986,-73.036132300941,2016-01-30T01:00:00Z,2016-01-29T22:00:00-03:00,2026-05-19T03:00:00Z,2026-05-18T23:00:00-04:00
66,"Bang Khun Thian, Chom Thong",,Asia/Bangkok,False,True,"[{'id': 2, 'name': 'Government Monitor'}]","[{'id': 98, 'name': 'co ppm', 'parameter': {'id': 8, 'name': 'co', 'units': 'ppm', 'displayName': 'CO'}}, {'id': 99, 'name': 'no2 ppm', 'parameter': {'id': 7, 'name': 'no2', 'units': 'ppm', 'displayName': 'NO₂'}}, {'id': 96, 'name': 'o3 ppm', 'parameter': {'id': 10, 'name': 'o3', 'units': 'ppm', 'displayName': 'O₃'}}, {'id': 97, 'name': 'pm10 µg/m³', 'parameter': {'id': 1, 'name': 'pm10', 'units': 'µg/m³', 'displayName': 'PM10'}}]",,"[100.44598735492, 13.684229480854, 100.44598735492, 13.684229480854]",,,,111,TH,Thailand,4,Unknown Governmental Organization,281,Thailand,13.684229480854,100.44598735492,,,,
67,Ventanas,,America/Santiago,False,True,"[{'id': 2, 'name': 'Government Monitor'}]","[{'id': 9187, 'name': 'co µg/m³', 'parameter': {'id': 4, 'name': 'co', 'units': 'µg/m³', 'displayName': 'CO mass'}}, {'id': 103, 'name': 'no2 µg/m³', 'parameter': {'id': 5, 'name': 'no2', 'units': 'µg/m³', 'displayName': 'NO₂ mass'}}, {'id': 102, 'name': 'o3 µg/m³', 'parameter': {'id': 3, 'name': 'o3', 'units': 'µg/m³', 'displayName': 'O₃ mass'}}, {'id': 100, 'name': 'pm10 µg/m³', 'parameter': {'id': 1, 'name': 'pm10', 'units': 'µg/m³', 'displayName': 'PM10'}}, {'id': 104, 'name': 'pm25 µg/m³', 'parameter': {'id': 2, 'name': 'pm25', 'units': 'µg/m³', 'displayName': 'PM2.5'}}, {'id': 101, 'name': 'so2 µg/m³', 'parameter': {'id': 6, 'name': 'so2', 'units': 'µg/m³', 'displayName': 'SO₂ mass'}}]",,"[-71.373031276855, -32.77898790221, -71.373031276855, -32.77898790221]",,,,3,CL,Chile,4,Unknown Governmental Organization,164,Chile - SINCA,-32.77898790221,-71.373031276855,2016-02-12T05:00:00Z,2016-02-12T02:00:00-03:00,2018-08-29T18:00:00Z,2018-08-29T15:00:00-03:00
68,Cerro Merquín,Coronel,America/Santiago,False,True,"[{'id': 2, 'name': 'Government Monitor'}]","[{'id': 5294, 'name': 'pm10 µg/m³', 'parameter': {'id': 1, 'name': 'pm10', 'units': 'µg/m³', 'displayName': 'PM10'}}, {'id': 105, 'name': 'pm25 µg/m³', 'parameter': {'id': 2, 'name': 'pm25', 'units': 'µg/m³', 'displayName': 'PM2.5'}}, {'id': 655, 'name': 'so2 µg/m³', 'parameter': {'id': 6, 'name': 'so2', 'units': 'µg/m³', 'displayName': 'SO₂ mass'}}]",,"[-73.149555550926, -37.021182877699, -73.149555550926, -37.021182877699]",,,,3,CL,Chile,4,Unknown Governmental Organization,164,Chile - SINCA,-37.021182877699,-73.149555550926,2016-01-30T01:00:00Z,2016-01-29T22:00:00-03:00,2026-05-19T03:00:00Z,2026-05-18T23:00:00-04:00
69,Kingston College,Concepción,America/Santiago,False,True,"[{'id': 2, 'name': 'Government Monitor'}]","[{'id': 19858, 'name': 'co µg/m³', 'parameter': {'id': 4, 'name': 'co', 'units': 'µg/m³', 'displayName': 'CO mass'}}, {'id': 2171, 'name': 'o3 µg/m³', 'parameter': {'id': 3, 'name': 'o3', 'units': 'µg/m³', 'displayName': 'O₃ mass'}}, {'id': 5187, 'name': 'pm10 µg/m³', 'parameter': {'id': 1, 'name': 'pm10', 'units': 'µg/m³', 'displayName': 'PM10'}}, {'id': 106, 'name': 'pm25 µg/m³', 'parameter': {'id': 2, 'name': 'pm25', 'units': 'µg/m³', 'displayName': 'PM2.5'}}, {'id': 19857, 'name': 'so2 µg/m³', 'parameter': {'id': 6, 'name': 'so2', 'units': 'µg/m³', 'displayName': 'SO₂ mass'}}]",,"[-73.052063025795, -36.784653741124, -73.052063025795, -36.784653741124]",,,,3,CL,Chile,4,Unknown Governmental Organization,164,Chile - SINCA,-36.784653741124,-73.052063025795,2016-01-30T01:00:00Z,2016-01-29T22:00:00-03:00,2026-05-19T03:00:00Z,2026-05-18T23:00:00-04:00
71,Biest Houtakker-Biestsestraat,Houtakker,Europe/Amsterdam,False,True,"[{'id': 2, 'name': 'Government Monitor'}]","[{'id': 4276107, 'name': 'no µg/m³', 'parameter': {'id': 19843, 'name': 'no', 'units': 'µg/m³', 'displayName': 'NO mass'}}, {'id': 109, 'name': 'no2 µg/m³', 'parameter': {'id': 5, 'name': 'no2', 'units': 'µg/m³', 'displayName': 'NO₂ mass'}}, {'id': 4139, 'name': 'o3 µg/m³', 'parameter': {'id': 3, 'name': 'o3', 'units': 'µg/m³', 'displayName': 'O₃ mass'}}, {'id': 4196, 'name': 'pm10 µg/m³', 'parameter': {'id': 1, 'name': 'pm10', 'units': 'µg/m³', 'displayName': 'PM10'}}, {'id': 4610, 'name': 'pm25 µg/m³', 'parameter': {'id': 2, 'name': 'pm25', 'units': 'µg/m³', 'displayName': 'PM2.5'}}]","[{'id': 10, 'name': 'ODC-BY', 'attribution': {'name': 'Unknown Governmental Organization', 'url': None}, 'dateFrom': '2016-11-17', 'dateTo': None}]","[5.148450000227909, 51.51838800001479, 5.148450000227909, 51.51838800001479]",,,,94,NL,Netherlands,4,Unknown Governmental Organization,70,EEA,51.51838800001479,5.148450000227909,2016-01-30T01:00:00Z,2016-01-30T02:00:00+01:00,2026-05-19T04:00:00Z,2026-05-19T06:00:00+02:00
72,Curicó,Curicó,America/Santiago,False,True,"[{'id': 2, 'name': 'Government Monitor'}]","[{'id': 110, 'name': 'pm10 µg/m³', 'parameter': {'id': 1, 'name': 'pm10', 'units': 'µg/m³', 'displayName': 'PM10'}}, {'id': 3538, 'name': 'pm25 µg/m³', 'parameter': {'id': 2, 'name': 'pm25', 'units': 'µg/m³', 'displayName': 'PM2.5'}}]",,"[-71.233967512329, -34.974925077541, -71.233967512329, -34.974925077541]",,,,3,CL,Chile,4,Unknown Governmental Organization,164,Chile - SINCA,-34.974925077541,-71.233967512329,2016-01-30T01:00:00Z,2016-01-29T22:00:00-03:00,2026-05-19T03:00:00Z,2026-05-18T23:00:00-04:00
73,Coyhaique II,Coyhaique,America/Santiago,False,True,"[{'id': 2, 'name': 'Government Monitor'}]","[{'id': 4422, 'name': 'co µg/m³', 'parameter': {'id': 4, 'name': 'co', 'units': 'µg/m³', 'displayName': 'CO mass'}}, {'id': 4425, 'name': 'no2 µg/m³', 'parameter': {'id': 5, 'name': 'no2', 'units': 'µg/m³', 'displayName': 'NO₂ mass'}}, {'id': 4428, 'name': 'o3 µg/m³', 'parameter': {'id': 3, 'name': 'o3', 'units': 'µg/m³', 'displayName': 'O₃ mass'}}, {'id': 3511, 'name': 'pm10 µg/m³', 'parameter': {'id': 1, 'name': 'pm10', 'units': 'µg/m³', 'displayName': 'PM10'}}, {'id': 1738, 'name': 'pm25 µg/m³', 'parameter': {'id': 2, 'name': 'pm25', 'units': 'µg/m³', 'displayName': 'PM2.5'}}, {'id': 111, 'name': 'so2 µg/m³', 'parameter': {'id': 6, 'name': 'so2', 'units': 'µg/m³', 'displayName': 'SO₂ mass'}}]",,"[-72.049964505825, -45.579045667164, -72.049964505825, -45.579045667164]",,,,3,CL,Chile,4,Unknown Governmental Organization,164,Chile - SINCA,-45.579045667164,-72.049964505825,2016-01-30T01:00:00Z,2016-01-29T22:00:00-03:00,2026-05-19T03:00:00Z,2026-05-18T23:00:00-04:00
74,Leiden-Willem de Zwijgerlaan,,Europe/Amsterdam,False,True,"[{'id': 2, 'name': 'Government Monitor'}]","[{'id': 112, 'name': 'pm10 µg/m³', 'parameter': {'id': 1, 'name': 'pm10', 'units': 'µg/m³', 'displayName': 'PM10'}}]",,"[4.50756, 52.1678, 4.50756, 52.1678]",,,,94,NL,Netherlands,4,Unknown Governmental Organization,210,Netherlands,52.1678,4.50756,,,,
76,De Zilk-Vogelaarsdreef,De Zilk,Europe/Amsterdam,False,True,"[{'id': 2, 'name': 'Government Monitor'}]","[{'id': 4275734, 'name': 'no µg/m³', 'parameter': {'id': 19843, 'name': 'no', 'units': 'µg/m³', 'displayName': 'NO mass'}}, {'id': 4155, 'name': 'no2 µg/m³', 'parameter': {'id': 5, 'name': 'no2', 'units': 'µg/m³', 'displayName': 'NO₂ mass'}}, {'id': 4152, 'name': 'o3 µg/m³', 'parameter': {'id': 3, 'name': 'o3', 'units': 'µg/m³', 'displayName': 'O₃ mass'}}, {'id': 4537, 'name': 'pm10 µg/m³', 'parameter': {'id': 1, 'name': 'pm10', 'units': 'µg/m³', 'displayName': 'PM10'}}, {'id': 115, 'name': 'pm25 µg/m³', 'parameter': {'id': 2, 'name': 'pm25', 'units': 'µg/m³', 'displayName': 'PM2.5'}}, {'id': 4150, 'name': 'so2 µg/m³', 'parameter': {'id': 6, 'name': 'so2', 'units': 'µg/m³', 'displayName': 'SO₂ mass'}}]","[{'id': 10, 'name': 'ODC-BY', 'attribution': {'name': 'Unknown Governmental Organization', 'url': None}, 'dateFrom': '2016-11-17', 'dateTo': None}]","[4.51081699998525, 52.296555999830005, 4.51081699998525, 52.296555999830005]",,,,94,NL,Netherlands,4,Unknown Governmental Organization,70,EEA,52.296555999830005,4.51081699998525,2016-01-30T01:00:00Z,2016-01-30T02:00:00+01:00,2026-05-19T04:00:00Z,2026-05-19T06:00:00+02:00
77,Hoek v. Holland-Berghaven,Hoek v. Holland,Europe/Amsterdam,False,True,"[{'id': 2, 'name': 'Government Monitor'}]","[{'id': 4276124, 'name': 'no µg/m³', 'parameter': {'id': 19843, 'name': 'no', 'units': 'µg/m³', 'displayName': 'NO mass'}}, {'id': 116, 'name': 'no2 µg/m³', 'parameter': {'id': 5, 'name': 'no2', 'units': 'µg/m³', 'displayName': 'NO₂ mass'}}, {'id': 4218, 'name': 'o3 µg/m³', 'parameter': {'id': 3, 'name': 'o3', 'units': 'µg/m³', 'displayName': 'O₃ mass'}}, {'id': 4219, 'name': 'pm10 µg/m³', 'parameter': {'id': 1, 'name': 'pm10', 'units': 'µg/m³', 'displayName': 'PM10'}}, {'id': 4221, 'name': 'pm25 µg/m³', 'parameter': {'id': 2, 'name': 'pm25', 'units': 'µg/m³', 'displayName': 'PM2.5'}}, {'id': 1301476, 'name': 'so2 µg/m³', 'parameter': {'id': 6, 'name': 'so2', 'units': 'µg/m³', 'displayName': 'SO₂ mass'}}]","[{'id': 10, 'name': 'ODC-BY', 'attribution': {'name': 'Unknown Governmental Organization', 'url': None}, 'dateFrom': '2016-11-17', 'dateTo': None}]","[4.121903000365913, 51.97783000007194, 4.121903000365913, 51.97783000007194]",,,,94,NL,Netherlands,4,Unknown Governmental Organization,70,EEA,51.97783000007194,4.121903000365913,2016-01-30T01:00:00Z,2016-01-30T02:00:00+01:00,2026-05-19T04:00:00Z,2026-05-19T06:00:00+02:00
79,Hilversum-J. Gerardtsweg,,Europe/Amsterdam,False,True,"[{'id': 2, 'name': 'Government Monitor'}]","[{'id': 4608, 'name': 'no2 µg/m³', 'parameter': {'id': 5, 'name': 'no2', 'units': 'µg/m³', 'displayName': 'NO₂ mass'}}, {'id': 4621, 'name': 'pm10 µg/m³', 'parameter': {'id': 1, 'name': 'pm10', 'units': 'µg/m³', 'displayName': 'PM10'}}, {'id': 118, 'name': 'pm25 µg/m³', 'parameter': {'id': 2, 'name': 'pm25', 'units': 'µg/m³', 'displayName': 'PM2.5'}}]",,"[5.18155, 52.23510000000001, 5.18155, 52.23510000000001]",,,,94,NL,Netherlands,4,Unknown Governmental Organization,210,Netherlands,52.23510000000001,5.18155,2016-01-30T01:00:00Z,2016-01-30T02:00:00+01:00,2018-06-25T10:00:00Z,2018-06-25T12:00:00+02:00
80,Amsterdam-Van Diemenstraat,Amsterdam,Europe/Amsterdam,False,True,"[{'id': 2, 'name': 'Government Monitor'}]","[{'id': 164, 'name': 'co µg/m³', 'parameter': {'id': 4, 'name': 'co', 'units': 'µg/m³', 'displayName': 'CO mass'}}, {'id': 4275959, 'name': 'no µg/m³', 'parameter': {'id': 19843, 'name': 'no', 'units': 'µg/m³', 'displayName': 'NO mass'}}, {'id': 4244, 'name': 'no2 µg/m³', 'parameter': {'id': 5, 'name': 'no2', 'units': 'µg/m³', 'displayName': 'NO₂ mass'}}, {'id': 4186, 'name': 'o3 µg/m³', 'parameter': {'id': 3, 'name': 'o3', 'units': 'µg/m³', 'displayName': 'O₃ mass'}}, {'id': 119, 'name': 'pm10 µg/m³', 'parameter': {'id': 1, 'name': 'pm10', 'units': 'µg/m³', 'displayName': 'PM10'}}, {'id': 4235, 'name': 'pm25 µg/m³', 'parameter': {'id': 2, 'name': 'pm25', 'units': 'µg/m³', 'displayName': 'PM2.5'}}]","[{'id': 10, 'name': 'ODC-BY', 'attribution': {'name': 'Unknown Governmental Organization', 'url': None}, 'dateFrom': '2016-11-17', 'dateTo': None}]","[4.88781099987638, 52.389983000188224, 4.88781099987638, 52.389983000188224]",,,,94,NL,Netherlands,4,Unknown Governmental Organization,70,EEA,52.389983000188224,4.88781099987638,2016-01-30T01:00:00Z,2016-01-30T02:00:00+01:00,2026-05-19T04:00:00Z,2026-05-19T06:00:00+02:00
81,Coronel Norte,,America/Santiago,False,True,"[{'id': 2, 'name': 'Government Monitor'}]","[{'id': 5127, 'name': 'co µg/m³', 'parameter': {'id': 4, 'name': 'co', 'units': 'µg/m³', 'displayName': 'CO mass'}}, {'id': 120, 'name': 'o3 µg/m³', 'parameter': {'id': 3, 'name': 'o3', 'units': 'µg/m³', 'displayName': 'O₃ mass'}}, {'id': 5410, 'name': 'pm10 µg/m³', 'parameter': {'id': 1, 'name': 'pm10', 'units': 'µg/m³', 'displayName': 'PM10'}}, {'id': 5155, 'name': 'so2 µg/m³', 'parameter': {'id': 6, 'name': 'so2', 'units': 'µg/m³', 'displayName': 'SO₂ mass'}}]",,"[-73.148086, -37.008669, -73.148086, -37.008669]",,,,3,CL,Chile,4,Unknown Governmental Organization,164,Chile - SINCA,-37.008669,-73.148086,2016-01-30T01:00:00Z,2016-01-29T22:00:00-03:00,2017-05-27T14:00:00Z,2017-05-27T10:00:00-04:00
82,Haarlem-Schipholweg,Haarlem,Europe/Amsterdam,False,True,"[{'id': 2, 'name': 'Government Monitor'}]","[{'id': 4276054, 'name': 'no µg/m³', 'parameter': {'id': 19843, 'name': 'no', 'units': 'µg/m³', 'displayName': 'NO mass'}}, {'id': 4585, 'name': 'no2 µg/m³', 'parameter': {'id': 5, 'name': 'no2', 'units': 'µg/m³', 'displayName': 'NO₂ mass'}}, {'id': 4561, 'name': 'o3 µg/m³', 'parameter': {'id': 3, 'name': 'o3', 'units': 'µg/m³', 'displayName': 'O₃ mass'}}, {'id': 121, 'name': 'pm10 µg/m³', 'parameter': {'id': 1, 'name': 'pm10', 'units': 'µg/m³', 'displayName': 'PM10'}}]",,"[4.64232, 52.3705, 4.64232, 52.3705]",,,,94,NL,Netherlands,4,Unknown Governmental Organization,210,Netherlands,52.3705,4.64232,2016-01-30T01:00:00Z,2016-01-30T02:00:00+01:00,2026-03-25T09:00:00Z,2026-03-25T10:00:00+01:00
85,Hellendoorn-Luttenbergerweg,Hellendoorn,Europe/Amsterdam,False,True,"[{'id': 2, 'name': 'Government Monitor'}]","[{'id': 4275730, 'name': 'no µg/m³', 'parameter': {'id': 19843, 'name': 'no', 'units': 'µg/m³', 'displayName': 'NO mass'}}, {'id': 4411, 'name': 'no2 µg/m³', 'parameter': {'id': 5, 'name': 'no2', 'units': 'µg/m³', 'displayName': 'NO₂ mass'}}, {'id': 4413, 'name': 'o3 µg/m³', 'parameter': {'id': 3, 'name': 'o3', 'units': 'µg/m³', 'displayName': 'O₃ mass'}}, {'id': 132, 'name': 'pm10 µg/m³', 'parameter': {'id': 1, 'name': 'pm10', 'units': 'µg/m³', 'displayName': 'PM10'}}]","[{'id': 10, 'name': 'ODC-BY', 'attribution': {'name': 'Unknown Governmental Organization', 'url': None}, 'dateFrom': '2016-11-17', 'dateTo': None}]","[6.402899999997742, 52.38829100007745, 6.402899999997742, 52.38829100007745]",,,,94,NL,Netherlands,4,Unknown Governmental Organization,70,EEA,52.38829100007745,6.402899999997742,2016-01-30T01:00:00Z,2016-01-30T02:00:00+01:00,2026-05-19T04:00:00Z,2026-05-19T06:00:00+02:00
86,De Rips-Blaarpeelweg,,Europe/Amsterdam,False,True,"[{'id': 2, 'name': 'Government Monitor'}]","[{'id': 133, 'name': 'pm10 µg/m³', 'parameter': {'id': 1, 'name': 'pm10', 'units': 'µg/m³', 'displayName': 'PM10'}}]",,"[5.8382, 51.5475, 5.8382, 51.5475]",,,,94,NL,Netherlands,4,Unknown Governmental Organization,210,Netherlands,51.5475,5.8382,,,,
87,De Rips-Klotterpeellaan,,Europe/Amsterdam,False,True,"[{'id': 2, 'name': 'Government Monitor'}]","[{'id': 134, 'name': 'pm10 µg/m³', 'parameter': {'id': 1, 'name': 'pm10', 'units': 'µg/m³', 'displayName': 'PM10'}}]",,"[5.80859, 51.5359, 5.80859, 51.5359]",,,,94,NL,Netherlands,4,Unknown Governmental Organization,210,Netherlands,51.5359,5.80859,,,,
90,Misheel expo,,Asia/Ulaanbaatar,False,True,"[{'id': 2, 'name': 'Government Monitor'}]","[{'id': 13218, 'name': 'co µg/m³', 'parameter': {'id': 4, 'name': 'co', 'units': 'µg/m³', 'displayName': 'CO mass'}}, {'id': 607, 'name': 'no2 µg/m³', 'parameter': {'id': 5, 'name': 'no2', 'units': 'µg/m³', 'displayName': 'NO₂ mass'}}, {'id': 5334, 'name': 'o3 µg/m³', 'parameter': {'id': 3, 'name': 'o3', 'units': 'µg/m³', 'displayName': 'O₃ mass'}}, {'id': 143, 'name': 'pm10 µg/m³', 'parameter': {'id': 1, 'name': 'pm10', 'units': 'µg/m³', 'displayName': 'PM10'}}, {'id': 5378, 'name': 'so2 µg/m³', 'parameter': {'id': 6, 'name': 'so2', 'units': 'µg/m³', 'displayName': 'SO₂ mass'}}]",,"[106.8824722, 47.8943389, 106.8824722, 47.8943389]",,,,47,MN,Mongolia,4,Unknown Governmental Organization,116,Agaar.mn,47.8943389,106.8824722,2016-01-30T01:00:00Z,2016-01-30T09:00:00+08:00,2019-03-13T22:00:00Z,2019-03-14T06:00:00+08:00
93,Nijmegen-Graafseweg,Nijmegen,Europe/Amsterdam,False,True,"[{'id': 2, 'name': 'Government Monitor'}]","[{'id': 4230, 'name': 'co µg/m³', 'parameter': {'id': 4, 'name': 'co', 'units': 'µg/m³', 'displayName': 'CO mass'}}, {'id': 4276167, 'name': 'no µg/m³', 'parameter': {'id': 19843, 'name': 'no', 'units': 'µg/m³', 'displayName': 'NO mass'}}, {'id': 151, 'name': 'no2 µg/m³', 'parameter': {'id': 5, 'name': 'no2', 'units': 'µg/m³', 'displayName': 'NO₂ mass'}}, {'id': 4224, 'name': 'pm10 µg/m³', 'parameter': {'id': 1, 'name': 'pm10', 'units': 'µg/m³', 'displayName': 'PM10'}}, {'id': 4212, 'name': 'pm25 µg/m³', 'parameter': {'id': 2, 'name': 'pm25', 'units': 'µg/m³', 'displayName': 'PM2.5'}}]",,"[5.85778, 51.8414, 5.85778, 51.8414]",,,,94,NL,Netherlands,4,Unknown Governmental Organization,210,Netherlands,51.8414,5.85778,2016-01-30T01:00:00Z,2016-01-30T02:00:00+01:00,2026-05-19T04:00:00Z,2026-05-19T06:00:00+02:00
94,"Din Daeng, Din Daeng",,Asia/Bangkok,False,True,"[{'id': 2, 'name': 'Government Monitor'}]","[{'id': 155, 'name': 'co ppm', 'parameter': {'id': 8, 'name': 'co', 'units': 'ppm', 'displayName': 'CO'}}, {'id': 154, 'name': 'no2 ppm', 'parameter': {'id': 7, 'name': 'no2', 'units': 'ppm', 'displayName': 'NO₂'}}, {'id': 152, 'name': 'o3 ppm', 'parameter': {'id': 10, 'name': 'o3', 'units': 'ppm', 'displayName': 'O₃'}}, {'id': 153, 'name': 'pm10 µg/m³', 'parameter': {'id': 1, 'name': 'pm10', 'units': 'µg/m³', 'displayName': 'PM10'}}, {'id': 156, 'name': 'so2 ppm', 'parameter': {'id': 9, 'name': 'so2', 'units': 'ppm', 'displayName': 'SO₂'}}]",,"[100.56892844813, 13.775373291477, 100.56892844813, 13.775373291477]",,,,111,TH,Thailand,4,Unknown Governmental Organization,281,Thailand,13.775373291477,100.56892844813,2018-11-06T06:00:00Z,2018-11-06T13:00:00+07:00,2020-09-15T07:00:00Z,2020-09-15T14:00:00+07:00
95,Amsterdam-Vondelpark,Amsterdam,Europe/Amsterdam,False,True,"[{'id': 2, 'name': 'Government Monitor'}]","[{'id': 157, 'name': 'co µg/m³', 'parameter': {'id': 4, 'name': 'co', 'units': 'µg/m³', 'displayName': 'CO mass'}}, {'id': 4275709, 'name': 'no µg/m³', 'parameter': {'id': 19843, 'name': 'no', 'units': 'µg/m³', 'displayName': 'NO mass'}}, {'id': 4364, 'name': 'no2 µg/m³', 'parameter': {'id': 5, 'name': 'no2', 'units': 'µg/m³', 'displayName': 'NO₂ mass'}}, {'id': 4461, 'name': 'o3 µg/m³', 'parameter': {'id': 3, 'name': 'o3', 'units': 'µg/m³', 'displayName': 'O₃ mass'}}, {'id': 4383, 'name': 'pm10 µg/m³', 'parameter': {'id': 1, 'name': 'pm10', 'units': 'µg/m³', 'displayName': 'PM10'}}, {'id': 4390, 'name': 'pm25 µg/m³', 'parameter': {'id': 2, 'name': 'pm25', 'units': 'µg/m³', 'displayName': 'PM2.5'}}]","[{'id': 10, 'name': 'ODC-BY', 'attribution': {'name': 'Unknown Governmental Organization', 'url': None}, 'dateFrom': '2016-11-17', 'dateTo': None}]","[4.866208000411839, 52.359714000013874, 4.866208000411839, 52.359714000013874]",,,,94,NL,Netherlands,4,Unknown Governmental Organization,70,EEA,52.359714000013874,4.866208000411839,2016-01-30T01:00:00Z,2016-01-30T02:00:00+01:00,2026-05-19T04:00:00Z,2026-05-19T06:00:00+02:00
96,Wijk aan Zee-Burgemeester Rothestraat,Wijk aan Zee,Europe/Amsterdam,False,True,"[{'id': 2, 'name': 'Government Monitor'}]","[{'id': 167, 'name': 'co µg/m³', 'parameter': {'id': 4, 'name': 'co', 'units': 'µg/m³', 'displayName': 'CO mass'}}, {'id': 4275778, 'name': 'no µg/m³', 'parameter': {'id': 19843, 'name': 'no', 'units': 'µg/m³', 'displayName': 'NO mass'}}, {'id': 4280, 'name': 'no2 µg/m³', 'parameter': {'id': 5, 'name': 'no2', 'units': 'µg/m³', 'displayName': 'NO₂ mass'}}, {'id': 4290, 'name': 'pm10 µg/m³', 'parameter': {'id': 1, 'name': 'pm10', 'units': 'µg/m³', 'displayName': 'PM10'}}, {'id': 4367, 'name': 'pm25 µg/m³', 'parameter': {'id': 2, 'name': 'pm25', 'units': 'µg/m³', 'displayName': 'PM2.5'}}, {'id': 158, 'name': 'so2 µg/m³', 'parameter': {'id': 6, 'name': 'so2', 'units': 'µg/m³', 'displayName': 'SO₂ mass'}}]","[{'id': 10, 'name': 'ODC-BY', 'attribution': {'name': 'Unknown Governmental Organization', 'url': None}, 'dateFrom': '2016-11-17', 'dateTo': None}]","[4.601986000379324, 52.49399200004851, 4.601986000379324, 52.49399200004851]",,,,94,NL,Netherlands,4,Unknown Governmental Organization,70,EEA,52.49399200004851,4.601986000379324,2016-01-30T01:00:00Z,2016-01-30T02:00:00+01:00,2025-09-04T13:00:00Z,2025-09-04T15:00:00+02:00
97,IJmuiden-Kanaaldijk,IJmuiden,Europe/Amsterdam,False,True,"[{'id': 2, 'name': 'Government Monitor'}]","[{'id': 165, 'name': 'co µg/m³', 'parameter': {'id': 4, 'name': 'co', 'units': 'µg/m³', 'displayName': 'CO mass'}}, {'id': 4276088, 'name': 'no µg/m³', 'parameter': {'id': 19843, 'name': 'no', 'units': 'µg/m³', 'displayName': 'NO mass'}}, {'id': 4570, 'name': 'no2 µg/m³', 'parameter': {'id': 5, 'name': 'no2', 'units': 'µg/m³', 'displayName': 'NO₂ mass'}}, {'id': 4565, 'name': 'pm10 µg/m³', 'parameter': {'id': 1, 'name': 'pm10', 'units': 'µg/m³', 'displayName': 'PM10'}}, {'id': 4541, 'name': 'pm25 µg/m³', 'parameter': {'id': 2, 'name': 'pm25', 'units': 'µg/m³', 'displayName': 'PM2.5'}}, {'id': 159, 'name': 'so2 µg/m³', 'parameter': {'id': 6, 'name': 'so2', 'units': 'µg/m³', 'displayName': 'SO₂ mass'}}]","[{'id': 10, 'name': 'ODC-BY', 'attribution': {'name': 'Unknown Governmental Organization', 'url': None}, 'dateFrom': '2016-11-17', 'dateTo': None}]","[4.60177600031704, 52.46304000005105, 4.60177600031704, 52.46304000005105]",,,,94,NL,Netherlands,4,Unknown Governmental Organization,70,EEA,52.46304000005105,4.60177600031704,2016-01-30T01:00:00Z,2016-01-30T02:00:00+01:00,2026-05-19T04:00:00Z,2026-05-19T06:00:00+02:00
98,Amsterdam-Westerpark,Amsterdam,Europe/Amsterdam,False,True,"[{'id': 2, 'name': 'Government Monitor'}]","[{'id': 4700, 'name': 'pm10 µg/m³', 'parameter': {'id': 1, 'name': 'pm10', 'units': 'µg/m³', 'displayName': 'PM10'}}, {'id': 4344, 'name': 'pm25 µg/m³', 'parameter': {'id': 2, 'name': 'pm25', 'units': 'µg/m³', 'displayName': 'PM2.5'}}, {'id': 160, 'name': 'so2 µg/m³', 'parameter': {'id': 6, 'name': 'so2', 'units': 'µg/m³', 'displayName': 'SO₂ mass'}}]","[{'id': 10, 'name': 'ODC-BY', 'attribution': {'name': 'Unknown Governmental Organization', 'url': None}, 'dateFrom': '2016-11-17', 'dateTo': None}]","[4.870156999790721, 52.39397200025616, 4.870156999790721, 52.39397200025616]",,,,94,NL,Netherlands,4,Unknown Governmental Organization,70,EEA,52.39397200025616,4.870156999790721,2016-01-30T01:00:00Z,2016-01-30T02:00:00+01:00,2026-05-19T04:00:00Z,2026-05-19T06:00:00+02:00
99,Maastricht-A2 Kasteel Hillenraadweg,,Europe/Amsterdam,False,True,"[{'id': 2, 'name': 'Government Monitor'}]","[{'id': 161, 'name': 'pm25 µg/m³', 'parameter': {'id': 2, 'name': 'pm25', 'units': 'µg/m³', 'displayName': 'PM2.5'}}]",,"[5.71381, 50.8598, 5.71381, 50.8598]",,,,94,NL,Netherlands,4,Unknown Governmental Organization,210,Netherlands,50.8598,5.71381,2016-01-30T01:00:00Z,2016-01-30T02:00:00+01:00,2021-04-20T21:00:00Z,2021-04-20T23:00:00+02:00
100,Badhoevedorp-Sloterweg,Badhoevedorp,Europe/Amsterdam,False,True,"[{'id': 2, 'name': 'Government Monitor'}]","[{'id': 162, 'name': 'co µg/m³', 'parameter': {'id': 4, 'name': 'co', 'units': 'µg/m³', 'displayName': 'CO mass'}}, {'id': 4275786, 'name': 'no µg/m³', 'parameter': {'id': 19843, 'name': 'no', 'units': 'µg/m³', 'displayName': 'NO mass'}}, {'id': 4237, 'name': 'no2 µg/m³', 'parameter': {'id': 5, 'name': 'no2', 'units': 'µg/m³', 'displayName': 'NO₂ mass'}}, {'id': 4231, 'name': 'pm10 µg/m³', 'parameter': {'id': 1, 'name': 'pm10', 'units': 'µg/m³', 'displayName': 'PM10'}}, {'id': 4147, 'name': 'pm25 µg/m³', 'parameter': {'id': 2, 'name': 'pm25', 'units': 'µg/m³', 'displayName': 'PM2.5'}}]","[{'id': 10, 'name': 'ODC-BY', 'attribution': {'name': 'Unknown Governmental Organization', 'url': None}, 'dateFrom': '2016-11-17', 'dateTo': None}]","[4.7740060003231, 52.33400300025121, 4.7740060003231, 52.33400300025121]",,,,94,NL,Netherlands,4,Unknown Governmental Organization,70,EEA,52.33400300025121,4.7740060003231,2016-01-30T01:00:00Z,2016-01-30T02:00:00+01:00,2025-09-04T13:00:00Z,2025-09-04T15:00:00+02:00
101,Amsterdam-Hoogtij,Amsterdam,Europe/Amsterdam,False,True,"[{'id': 2, 'name': 'Government Monitor'}]","[{'id': 4275834, 'name': 'no µg/m³', 'parameter': {'id': 19843, 'name': 'no', 'units': 'µg/m³', 'displayName': 'NO mass'}}, {'id': 4187, 'name': 'no2 µg/m³', 'parameter': {'id': 5, 'name': 'no2', 'units': 'µg/m³', 'displayName': 'NO₂ mass'}}, {'id': 4112, 'name': 'pm10 µg/m³', 'parameter': {'id': 1, 'name': 'pm10', 'units': 'µg/m³', 'displayName': 'PM10'}}, {'id': 4687, 'name': 'pm25 µg/m³', 'parameter': {'id': 2, 'name': 'pm25', 'units': 'µg/m³', 'displayName': 'PM2.5'}}, {'id': 163, 'name': 'so2 µg/m³', 'parameter': {'id': 6, 'name': 'so2', 'units': 'µg/m³', 'displayName': 'SO₂ mass'}}]","[{'id': 10, 'name': 'ODC-BY', 'attribution': {'name': 'Unknown Governmental Organization', 'url': None}, 'dateFrom': '2016-11-17', 'dateTo': None}]","[4.7734780002434976, 52.42801700027339, 4.7734780002434976, 52.42801700027339]",,,,94,NL,Netherlands,4,Unknown Governmental Organization,70,EEA,52.42801700027339,4.7734780002434976,2016-01-30T01:00:00Z,2016-01-30T02:00:00+01:00,2025-09-04T13:00:00Z,2025-09-04T15:00:00+02:00
102,Amsterdam-Einsteinweg,Amsterdam,Europe/Amsterdam,False,True,"[{'id': 2, 'name': 'Government Monitor'}]","[{'id': 166, 'name': 'co µg/m³', 'parameter': {'id': 4, 'name': 'co', 'units': 'µg/m³', 'displayName': 'CO mass'}}, {'id': 4276086, 'name': 'no µg/m³', 'parameter': {'id': 19843, 'name': 'no', 'units': 'µg/m³', 'displayName': 'NO mass'}}, {'id': 4370, 'name': 'no2 µg/m³', 'parameter': {'id': 5, 'name': 'no2', 'units': 'µg/m³', 'displayName': 'NO₂ mass'}}, {'id': 4369, 'name': 'pm10 µg/m³', 'parameter': {'id': 1, 'name': 'pm10', 'units': 'µg/m³', 'displayName': 'PM10'}}, {'id': 4215, 'name': 'pm25 µg/m³', 'parameter': {'id': 2, 'name': 'pm25', 'units': 'µg/m³', 'displayName': 'PM2.5'}}]","[{'id': 10, 'name': 'ODC-BY', 'attribution': {'name': 'Unknown Governmental Organization', 'url': None}, 'dateFrom': '2016-11-17', 'dateTo': None}]","[4.845232999687698, 52.381331000231505, 4.845232999687698, 52.381331000231505]",,,,94,NL,Netherlands,4,Unknown Governmental Organization,70,EEA,52.381331000231505,4.845232999687698,2016-01-30T01:00:00Z,2016-01-30T02:00:00+01:00,2026-05-19T04:00:00Z,2026-05-19T06:00:00+02:00
103,"Income Tax Office, Delhi - CPCB",,Asia/Kolkata,False,True,"[{'id': 2, 'name': 'Government Monitor'}]","[{'id': 169, 'name': 'co µg/m³', 'parameter': {'id': 4, 'name': 'co', 'units': 'µg/m³', 'displayName': 'CO mass'}}, {'id': 13863, 'name': 'no2 µg/m³', 'parameter': {'id': 5, 'name': 'no2', 'units': 'µg/m³', 'displayName': 'NO₂ mass'}}, {'id': 168, 'name': 'o3 µg/m³', 'parameter': {'id': 3, 'name': 'o3', 'units': 'µg/m³', 'displayName': 'O₃ mass'}}, {'id': 13862, 'name': 'pm10 µg/m³', 'parameter': {'id': 1, 'name': 'pm10', 'units': 'µg/m³', 'displayName': 'PM10'}}, {'id': 13861, 'name': 'pm25 µg/m³', 'parameter': {'id': 2, 'name': 'pm25', 'units': 'µg/m³', 'displayName': 'PM2.5'}}]",,"[77.2494, 28.623499999999996, 77.2494, 28.623499999999996]",,,,9,IN,India,4,Unknown Governmental Organization,168,CPCB,28.623499999999996,77.2494,2016-11-02T18:30:00Z,2016-11-03T00:00:00+05:30,2018-02-22T03:45:00Z,2018-02-22T09:15:00+05:30
135,Prabadang Rehabiltation Center,Samut Prakan,Asia/Bangkok,False,True,"[{'id': 2, 'name': 'Government Monitor'}]","[{'id': 5079219, 'name': 'no2 ppm', 'parameter': {'id': 7, 'name': 'no2', 'units': 'ppm', 'displayName': 'NO₂'}}, {'id': 5079221, 'name': 'o3 ppm', 'parameter': {'id': 10, 'name': 'o3', 'units': 'ppm', 'displayName': 'O₃'}}, {'id': 5079218, 'name': 'pm10 µg/m³', 'parameter': {'id': 1, 'name': 'pm10', 'units': 'µg/m³', 'displayName': 'PM10'}}, {'id': 5077838, 'name': 'pm25 µg/m³', 'parameter': {'id': 2, 'name': 'pm25', 'units': 'µg/m³', 'displayName': 'PM2.5'}}, {'id': 5079220, 'name': 'so2 ppm', 'parameter': {'id': 9, 'name': 'so2', 'units': 'ppm', 'displayName': 'SO₂'}}]",,"[100.543436, 13.664087, 100.543436, 13.664087]",,,,111,TH,Thailand,4,Unknown Governmental Organization,118,Air4Thai,13.664087,100.543436,2022-10-04T19:00:00Z,2022-10-05T02:00:00+07:00,2026-05-19T05:00:00Z,2026-05-19T12:00:00+07:00
136,Los Vientos,,America/Santiago,False,True,"[{'id': 2, 'name': 'Government Monitor'}]","[{'id': 209, 'name': 'co µg/m³', 'parameter': {'id': 4, 'name': 'co', 'units': 'µg/m³', 'displayName': 'CO mass'}}, {'id': 210, 'name': 'o3 µg/m³', 'parameter': {'id': 3, 'name': 'o3', 'units': 'µg/m³', 'displayName': 'O₃ mass'}}, {'id': 208, 'name': 'pm10 µg/m³', 'parameter': {'id': 1, 'name': 'pm10', 'units': 'µg/m³', 'displayName': 'PM10'}}, {'id': 207, 'name': 'so2 µg/m³', 'parameter': {'id': 6, 'name': 'so2', 'units': 'µg/m³', 'displayName': 'SO₂ mass'}}]",,"[-70.99693, -32.833639, -70.99693, -32.833639]",,,,3,CL,Chile,4,Unknown Governmental Organization,164,Chile - SINCA,-32.833639,-70.99693,2016-01-30T01:00:00Z,2016-01-29T22:00:00-03:00,2016-02-16T18:00:00Z,2016-02-16T15:00:00-03:00
137,Harrow - Stanmore,Harrow,Europe/London,False,True,"[{'id': 2, 'name': 'Government Monitor'}]","[{'id': 1304749, 'name': 'no2 µg/m³', 'parameter': {'id': 5, 'name': 'no2', 'units': 'µg/m³', 'displayName': 'NO₂ mass'}}, {'id': 1304758, 'name': 'pm10 µg/m³', 'parameter': {'id': 1, 'name': 'pm10', 'units': 'µg/m³', 'displayName': 'PM10'}}, {'id': 211, 'name': 'pm25 µg/m³', 'parameter': {'id': 2, 'name': 'pm25', 'units': 'µg/m³', 'displayName': 'PM2.5'}}]","[{'id': 34, 'name': 'UK OGL ""Open Government License""', 'attribution': {'name': 'Unknown Governmental Organization', 'url': None}, 'dateFrom': '2016-01-30', 'dateTo': None}]","[-0.298775, 51.617327, -0.298775, 51.617327]",,,,79,GB,United Kingdom,4,Unknown Governmental Organization,205,London Air Quality Network,51.617327,-0.298775,2016-01-30T01:00:00Z,2016-01-30T01:00:00Z,2023-08-14T09:00:00Z,2023-08-14T10:00:00+01:00
138,"Lat Phrao Rd., Wang Thonglang",,Asia/Bangkok,False,True,"[{'id': 2, 'name': 'Government Monitor'}]","[{'id': 378, 'name': 'co ppm', 'parameter': {'id': 8, 'name': 'co', 'units': 'ppm', 'displayName': 'CO'}}, {'id': 444, 'name': 'no2 ppm', 'parameter': {'id': 7, 'name': 'no2', 'units': 'ppm', 'displayName': 'NO₂'}}, {'id': 214, 'name': 'o3 ppm', 'parameter': {'id': 10, 'name': 'o3', 'units': 'ppm', 'displayName': 'O₃'}}, {'id': 445, 'name': 'pm10 µg/m³', 'parameter': {'id': 1, 'name': 'pm10', 'units': 'µg/m³', 'displayName': 'PM10'}}, {'id': 443, 'name': 'so2 ppm', 'parameter': {'id': 9, 'name': 'so2', 'units': 'ppm', 'displayName': 'SO₂'}}]",,"[100.59607755884001, 13.792635009230002, 100.59607755884001, 13.792635009230002]",,,,111,TH,Thailand,4,Unknown Governmental Organization,281,Thailand,13.792635009230002,100.59607755884001,2016-01-30T01:00:00Z,2016-01-30T08:00:00+07:00,2020-09-23T04:00:00Z,2020-09-23T11:00:00+07:00
139,Alto Hospicio,,America/Santiago,False,True,"[{'id': 2, 'name': 'Government Monitor'}]","[{'id': 215, 'name': 'pm25 µg/m³', 'parameter': {'id': 2, 'name': 'pm25', 'units': 'µg/m³', 'displayName': 'PM2.5'}}]",,"[-70.088653564453, -20.259620485825, -70.088653564453, -20.259620485825]",,,,3,CL,Chile,4,Unknown Governmental Organization,164,Chile - SINCA,-20.259620485825,-70.088653564453,2016-02-22T18:00:00Z,2016-02-22T15:00:00-03:00,2016-02-23T11:00:00Z,2016-02-23T08:00:00-03:00
140,Alto Hospicio,,America/Santiago,False,True,"[{'id': 2, 'name': 'Government Monitor'}]","[{'id': 216, 'name': 'pm25 µg/m³', 'parameter': {'id': 2, 'name': 'pm25', 'units': 'µg/m³', 'displayName': 'PM2.5'}}]",,"[-70.09955406189, -20.290859340668, -70.09955406189, -20.290859340668]",,,,3,CL,Chile,4,Unknown Governmental Organization,164,Chile - SINCA,-20.290859340668,-70.09955406189,2016-02-23T12:00:00Z,2016-02-23T09:00:00-03:00,2016-02-23T12:00:00Z,2016-02-23T09:00:00-03:00
141,London Harlington - UKA00472,London,Europe/London,False,True,"[{'id': 2, 'name': 'Government Monitor'}]","[{'id': 237, 'name': 'no2 µg/m³', 'parameter': {'id': 5, 'name': 'no2', 'units': 'µg/m³', 'displayName': 'NO₂ mass'}}, {'id': 259, 'name': 'o3 µg/m³', 'parameter': {'id': 3, 'name': 'o3', 'units': 'µg/m³', 'displayName': 'O₃ mass'}}, {'id': 217, 'name': 'pm10 µg/m³', 'parameter': {'id': 1, 'name': 'pm10', 'units': 'µg/m³', 'displayName': 'PM10'}}, {'id': 261, 'name': 'pm25 µg/m³', 'parameter': {'id': 2, 'name': 'pm25', 'units': 'µg/m³', 'displayName': 'PM2.5'}}]","[{'id': 10, 'name': 'ODC-BY', 'attribution': {'name': 'Unknown Governmental Organization', 'url': None}, 'dateFrom': '2016-11-17', 'dateTo': None}]","[-0.44161399993549455, 51.48878999962389, -0.44161399993549455, 51.48878999962389]",,,,79,GB,United Kingdom,4,Unknown Governmental Organization,70,EEA,51.48878999962389,-0.44161399993549455,2016-01-30T01:00:00Z,2016-01-30T01:00:00Z,2026-05-18T22:00:00Z,2026-05-18T23:00:00+01:00
142,Chengdu,Chengdu,Asia/Shanghai,False,True,"[{'id': 2, 'name': 'Government Monitor'}]","[{'id': 218, 'name': 'pm25 µg/m³', 'parameter': {'id': 2, 'name': 'pm25', 'units': 'µg/m³', 'displayName': 'PM2.5'}}]",,"[104.07, 30.63, 104.07, 30.63]",,,,10,CN,China,4,Unknown Governmental Organization,227,Chengdu,30.63,104.07,2016-01-31T05:00:00Z,2016-01-31T13:00:00+08:00,2023-02-23T19:00:00Z,2023-02-24T03:00:00+08:00
143,Shanghai,Shanghai,Asia/Shanghai,False,True,"[{'id': 2, 'name': 'Government Monitor'}]","[{'id': 219, 'name': 'pm25 µg/m³', 'parameter': {'id': 2, 'name': 'pm25', 'units': 'µg/m³', 'displayName': 'PM2.5'}}]",,"[121.44, 31.21, 121.44, 31.21]",,,,10,CN,China,4,Unknown Governmental Organization,229,Shanghai,31.21,121.44,2016-01-30T01:00:00Z,2016-01-30T09:00:00+08:00,2023-05-22T06:00:00Z,2023-05-22T14:00:00+08:00
144,Guangzhou,Guangzhou,Asia/Shanghai,False,True,"[{'id': 2, 'name': 'Government Monitor'}]","[{'id': 220, 'name': 'pm25 µg/m³', 'parameter': {'id': 2, 'name': 'pm25', 'units': 'µg/m³', 'displayName': 'PM2.5'}}]",,"[113.32, 23.12, 113.32, 23.12]",,,,10,CN,China,4,Unknown Governmental Organization,228,Guangzhou,23.12,113.32,2016-01-30T01:00:00Z,2016-01-30T09:00:00+08:00,2023-08-18T12:00:00Z,2023-08-18T20:00:00+08:00
145,Escuela E-10,,America/Santiago,False,True,"[{'id': 2, 'name': 'Government Monitor'}]","[{'id': 223, 'name': 'co µg/m³', 'parameter': {'id': 4, 'name': 'co', 'units': 'µg/m³', 'displayName': 'CO mass'}}, {'id': 222, 'name': 'no2 µg/m³', 'parameter': {'id': 5, 'name': 'no2', 'units': 'µg/m³', 'displayName': 'NO₂ mass'}}, {'id': 224, 'name': 'o3 µg/m³', 'parameter': {'id': 3, 'name': 'o3', 'units': 'µg/m³', 'displayName': 'O₃ mass'}}, {'id': 225, 'name': 'pm10 µg/m³', 'parameter': {'id': 1, 'name': 'pm10', 'units': 'µg/m³', 'displayName': 'PM10'}}, {'id': 226, 'name': 'pm25 µg/m³', 'parameter': {'id': 2, 'name': 'pm25', 'units': 'µg/m³', 'displayName': 'PM2.5'}}, {'id': 221, 'name': 'so2 µg/m³', 'parameter': {'id': 6, 'name': 'so2', 'units': 'µg/m³', 'displayName': 'SO₂ mass'}}]",,"[-70.193253, -22.087, -70.193253, -22.087]",,,,3,CL,Chile,4,Unknown Governmental Organization,164,Chile - SINCA,-22.087,-70.193253,2016-01-30T01:00:00Z,2016-01-29T22:00:00-03:00,2016-02-24T21:00:00Z,2016-02-24T18:00:00-03:00
146,Southwark A2 Old Kent Road - UKA00558,Southwark,Europe/London,False,True,"[{'id': 2, 'name': 'Government Monitor'}]","[{'id': 251, 'name': 'no2 µg/m³', 'parameter': {'id': 5, 'name': 'no2', 'units': 'µg/m³', 'displayName': 'NO₂ mass'}}, {'id': 227, 'name': 'pm10 µg/m³', 'parameter': {'id': 1, 'name': 'pm10', 'units': 'µg/m³', 'displayName': 'PM10'}}, {'id': 1304692, 'name': 'pm25 µg/m³', 'parameter': {'id': 2, 'name': 'pm25', 'units': 'µg/m³', 'displayName': 'PM2.5'}}]","[{'id': 10, 'name': 'ODC-BY', 'attribution': {'name': 'Unknown Governmental Organization', 'url': None}, 'dateFrom': '2016-11-17', 'dateTo': None}]","[-0.059550000208953166, 51.4804989994662, -0.059550000208953166, 51.4804989994662]",,,,79,GB,United Kingdom,4,Unknown Governmental Organization,70,EEA,51.4804989994662,-0.059550000208953166,2016-01-30T01:00:00Z,2016-01-30T01:00:00Z,2026-05-19T03:00:00Z,2026-05-19T04:00:00+01:00
147,Greenwich - Eltham,Greenwich,Europe/London,False,True,"[{'id': 2, 'name': 'Government Monitor'}]","[{'id': 233, 'name': 'no2 µg/m³', 'parameter': {'id': 5, 'name': 'no2', 'units': 'µg/m³', 'displayName': 'NO₂ mass'}}, {'id': 253, 'name': 'o3 µg/m³', 'parameter': {'id': 3, 'name': 'o3', 'units': 'µg/m³', 'displayName': 'O₃ mass'}}, {'id': 1298329, 'name': 'pm10 µg/m³', 'parameter': {'id': 1, 'name': 'pm10', 'units': 'µg/m³', 'displayName': 'PM10'}}, {'id': 228, 'name': 'pm25 µg/m³', 'parameter': {'id': 2, 'name': 'pm25', 'units': 'µg/m³', 'displayName': 'PM2.5'}}]","[{'id': 34, 'name': 'UK OGL ""Open Government License""', 'attribution': {'name': 'Unknown Governmental Organization', 'url': None}, 'dateFrom': '2016-01-30', 'dateTo': None}]","[0.070766, 51.45258, 0.070766, 51.45258]",,,,79,GB,United Kingdom,4,Unknown Governmental Organization,205,London Air Quality Network,51.45258,0.070766,2016-02-01T11:00:00Z,2016-02-01T11:00:00Z,2024-05-30T08:00:00Z,2024-05-30T09:00:00+01:00
148,London Bloomsbury - UKA00211,Camden,Europe/London,False,True,"[{'id': 2, 'name': 'Government Monitor'}]","[{'id': 238, 'name': 'no2 µg/m³', 'parameter': {'id': 5, 'name': 'no2', 'units': 'µg/m³', 'displayName': 'NO₂ mass'}}, {'id': 229, 'name': 'o3 µg/m³', 'parameter': {'id': 3, 'name': 'o3', 'units': 'µg/m³', 'displayName': 'O₃ mass'}}, {'id': 244, 'name': 'pm10 µg/m³', 'parameter': {'id': 1, 'name': 'pm10', 'units': 'µg/m³', 'displayName': 'PM10'}}, {'id': 232, 'name': 'pm25 µg/m³', 'parameter': {'id': 2, 'name': 'pm25', 'units': 'µg/m³', 'displayName': 'PM2.5'}}, {'id': 4933, 'name': 'so2 µg/m³', 'parameter': {'id': 6, 'name': 'so2', 'units': 'µg/m³', 'displayName': 'SO₂ mass'}}]","[{'id': 10, 'name': 'ODC-BY', 'attribution': {'name': 'Unknown Governmental Organization', 'url': None}, 'dateFrom': '2016-11-17', 'dateTo': None}]","[-0.12588900021133392, 51.52228999923011, -0.12588900021133392, 51.52228999923011]",,,,79,GB,United Kingdom,4,Unknown Governmental Organization,70,EEA,51.52228999923011,-0.12588900021133392,2016-01-30T01:00:00Z,2016-01-30T01:00:00Z,2026-05-19T03:00:00Z,2026-05-19T04:00:00+01:00
149,Ealing Horn Lane,London,Europe/London,False,True,"[{'id': 2, 'name': 'Government Monitor'}]","[{'id': 1304579, 'name': 'no2 µg/m³', 'parameter': {'id': 5, 'name': 'no2', 'units': 'µg/m³', 'displayName': 'NO₂ mass'}}, {'id': 230, 'name': 'pm10 µg/m³', 'parameter': {'id': 1, 'name': 'pm10', 'units': 'µg/m³', 'displayName': 'PM10'}}]","[{'id': 34, 'name': 'UK OGL ""Open Government License""', 'attribution': {'name': 'Unknown Governmental Organization', 'url': None}, 'dateFrom': '2016-01-30', 'dateTo': None}]","[-0.265617, 51.51895, -0.265617, 51.51895]",,,,79,GB,United Kingdom,4,Unknown Governmental Organization,169,DEFRA,51.51895,-0.265617,2016-01-30T01:00:00Z,2016-01-30T01:00:00Z,2026-03-29T00:00:00Z,2026-03-29T00:00:00Z
150,London Haringey Priory Park South - UKA00568,London,Europe/London,False,True,"[{'id': 2, 'name': 'Government Monitor'}]","[{'id': 231, 'name': 'no2 µg/m³', 'parameter': {'id': 5, 'name': 'no2', 'units': 'µg/m³', 'displayName': 'NO₂ mass'}}, {'id': 260, 'name': 'o3 µg/m³', 'parameter': {'id': 3, 'name': 'o3', 'units': 'µg/m³', 'displayName': 'O₃ mass'}}, {'id': 12626389, 'name': 'pm10 µg/m³', 'parameter': {'id': 1, 'name': 'pm10', 'units': 'µg/m³', 'displayName': 'PM10'}}, {'id': 12626392, 'name': 'pm25 µg/m³', 'parameter': {'id': 2, 'name': 'pm25', 'units': 'µg/m³', 'displayName': 'PM2.5'}}]","[{'id': 10, 'name': 'ODC-BY', 'attribution': {'name': 'Unknown Governmental Organization', 'url': None}, 'dateFrom': '2016-11-17', 'dateTo': None}]","[-0.1252540000016108, 51.58412799971813, -0.1252540000016108, 51.58412799971813]",,,,79,GB,United Kingdom,4,Unknown Governmental Organization,70,EEA,51.58412799971813,-0.1252540000016108,2016-01-30T01:00:00Z,2016-01-30T01:00:00Z,2026-05-19T03:00:00Z,2026-05-19T04:00:00+01:00
