location_id,name,locality,country,latitude,longitude,timezone,datetime_first,datetime_last,is_monitor,provider,owner,sensors
3459,Embassy Kathmandu,N/A,NP,27.738703,85.336206,Asia/Kathmandu,2017-03-03T00:00:00Z,2026-05-12T06:15:00Z,True,AirNow,Unknown Governmental Organization,"[{'id': 7713, 'name': 'o3 ppm', 'parameter': {'id': 10, 'name': 'o3', 'units': 'ppm', 'displayName': 'O₃'}}, {'id': 7710, 'name': 'pm25 µg/m³', 'parameter': {'id': 2, 'name': 'pm25', 'units': 'µg/m³', 'displayName': 'PM2.5'}}]"
3460,Phora Durbar Kathman,N/A,NP,27.712464,85.315703,Asia/Kathmandu,2017-03-03T00:00:00Z,2025-03-24T14:15:00Z,True,AirNow,Unknown Governmental Organization,"[{'id': 7712, 'name': 'o3 ppm', 'parameter': {'id': 10, 'name': 'o3', 'units': 'ppm', 'displayName': 'O₃'}}, {'id': 7711, 'name': 'pm25 µg/m³', 'parameter': {'id': 2, 'name': 'pm25', 'units': 'µg/m³', 'displayName': 'PM2.5'}}]"
1236017,"Dhathutole, Handigaun",,NP,27.727502,85.330135,Asia/Kathmandu,2023-07-15T13:00:00Z,2026-05-19T05:00:00Z,False,AirGradient,Unknown Governmental Organization,"[{'id': 8462455, 'name': 'pm1 µg/m³', 'parameter': {'id': 19, 'name': 'pm1', 'units': 'µg/m³', 'displayName': 'PM1'}}, {'id': 8462426, 'name': 'pm10 µg/m³', 'parameter': {'id': 1, 'name': 'pm10', 'units': 'µg/m³', 'displayName': 'PM10'}}, {'id': 6530219, 'name': 'pm25 µg/m³', 'parameter': {'id': 2, 'name': 'pm25', 'units': 'µg/m³', 'displayName': 'PM2.5'}}, {'id': 8462440, 'name': 'relativehumidity %', 'parameter': {'id': 98, 'name': 'relativehumidity', 'units': '%', 'displayName': 'RH'}}, {'id': 6530213, 'name': 'temperature c', 'parameter': {'id': 100, 'name': 'temperature', 'units': 'c', 'displayName': 'Temperature (C)'}}, {'id': 8462430, 'name': 'um003 particles/cm³', 'parameter': {'id': 125, 'name': 'um003', 'units': 'particles/cm³', 'displayName': 'PM0.3 count'}}]"
2848864,"Dabali, Handigaun",,NP,27.68189114,85.28707804,Asia/Kathmandu,2024-05-16T03:00:00Z,2026-05-19T05:00:00Z,False,AirGradient,Unknown Person,"[{'id': 9235744, 'name': 'pm1 µg/m³', 'parameter': {'id': 19, 'name': 'pm1', 'units': 'µg/m³', 'displayName': 'PM1'}}, {'id': 9235741, 'name': 'pm10 µg/m³', 'parameter': {'id': 1, 'name': 'pm10', 'units': 'µg/m³', 'displayName': 'PM10'}}, {'id': 9235746, 'name': 'pm25 µg/m³', 'parameter': {'id': 2, 'name': 'pm25', 'units': 'µg/m³', 'displayName': 'PM2.5'}}, {'id': 9235742, 'name': 'relativehumidity %', 'parameter': {'id': 98, 'name': 'relativehumidity', 'units': '%', 'displayName': 'RH'}}, {'id': 9235745, 'name': 'temperature c', 'parameter': {'id': 100, 'name': 'temperature', 'units': 'c', 'displayName': 'Temperature (C)'}}, {'id': 9235734, 'name': 'um003 particles/cm³', 'parameter': {'id': 125, 'name': 'um003', 'units': 'particles/cm³', 'displayName': 'PM0.3 count'}}]"
5506835,Gaushala Chowk (SC-01) - GD Labs,,NP,27.707763,85.343189,Asia/Kathmandu,2025-09-19T00:00:00Z,2026-05-19T05:00:00Z,False,AirGradient,Green Decision Labs and Research,"[{'id': 14153357, 'name': 'pm1 µg/m³', 'parameter': {'id': 19, 'name': 'pm1', 'units': 'µg/m³', 'displayName': 'PM1'}}, {'id': 14153358, 'name': 'pm25 µg/m³', 'parameter': {'id': 2, 'name': 'pm25', 'units': 'µg/m³', 'displayName': 'PM2.5'}}, {'id': 14153359, 'name': 'relativehumidity %', 'parameter': {'id': 98, 'name': 'relativehumidity', 'units': '%', 'displayName': 'RH'}}, {'id': 14153360, 'name': 'temperature c', 'parameter': {'id': 100, 'name': 'temperature', 'units': 'c', 'displayName': 'Temperature (C)'}}, {'id': 14153361, 'name': 'um003 particles/cm³', 'parameter': {'id': 125, 'name': 'um003', 'units': 'particles/cm³', 'displayName': 'PM0.3 count'}}]"
5509787,Baluwatar (SC-02) - GD Labs,,NP,27.7249438,85.331062,Asia/Kathmandu,2025-09-25T07:00:00Z,2026-05-19T05:00:00Z,False,AirGradient,Green Decision Labs and Research,"[{'id': 14207424, 'name': 'pm1 µg/m³', 'parameter': {'id': 19, 'name': 'pm1', 'units': 'µg/m³', 'displayName': 'PM1'}}, {'id': 14207425, 'name': 'pm25 µg/m³', 'parameter': {'id': 2, 'name': 'pm25', 'units': 'µg/m³', 'displayName': 'PM2.5'}}, {'id': 14207426, 'name': 'relativehumidity %', 'parameter': {'id': 98, 'name': 'relativehumidity', 'units': '%', 'displayName': 'RH'}}, {'id': 14207427, 'name': 'temperature c', 'parameter': {'id': 100, 'name': 'temperature', 'units': 'c', 'displayName': 'Temperature (C)'}}, {'id': 14207428, 'name': 'um003 particles/cm³', 'parameter': {'id': 125, 'name': 'um003', 'units': 'particles/cm³', 'displayName': 'PM0.3 count'}}]"
5509788,Lagankhel (SC - 05) - GD Labs,,NP,27.666459,85.323093,Asia/Kathmandu,2025-10-03T00:00:00Z,2026-05-19T05:00:00Z,False,AirGradient,Green Decision Labs and Research,"[{'id': 14272753, 'name': 'pm1 µg/m³', 'parameter': {'id': 19, 'name': 'pm1', 'units': 'µg/m³', 'displayName': 'PM1'}}, {'id': 14272754, 'name': 'pm25 µg/m³', 'parameter': {'id': 2, 'name': 'pm25', 'units': 'µg/m³', 'displayName': 'PM2.5'}}, {'id': 14272755, 'name': 'relativehumidity %', 'parameter': {'id': 98, 'name': 'relativehumidity', 'units': '%', 'displayName': 'RH'}}, {'id': 14272756, 'name': 'temperature c', 'parameter': {'id': 100, 'name': 'temperature', 'units': 'c', 'displayName': 'Temperature (C)'}}, {'id': 14272757, 'name': 'um003 particles/cm³', 'parameter': {'id': 125, 'name': 'um003', 'units': 'particles/cm³', 'displayName': 'PM0.3 count'}}]"
5518333,Sifal(SC-03)- GD Labs,,NP,27.710794,85.340591,Asia/Kathmandu,2025-12-24T08:00:00Z,2026-05-19T05:00:00Z,False,AirGradient,Green Decision Labs and Research,"[{'id': 14975413, 'name': 'pm1 µg/m³', 'parameter': {'id': 19, 'name': 'pm1', 'units': 'µg/m³', 'displayName': 'PM1'}}, {'id': 14975414, 'name': 'pm25 µg/m³', 'parameter': {'id': 2, 'name': 'pm25', 'units': 'µg/m³', 'displayName': 'PM2.5'}}, {'id': 14975415, 'name': 'relativehumidity %', 'parameter': {'id': 98, 'name': 'relativehumidity', 'units': '%', 'displayName': 'RH'}}, {'id': 14975416, 'name': 'temperature c', 'parameter': {'id': 100, 'name': 'temperature', 'units': 'c', 'displayName': 'Temperature (C)'}}, {'id': 14975417, 'name': 'um003 particles/cm³', 'parameter': {'id': 125, 'name': 'um003', 'units': 'particles/cm³', 'displayName': 'PM0.3 count'}}]"
5519358,Lamtangil (SC-04)- GD Labs,,NP,27.731368,85.336783,Asia/Kathmandu,2025-12-24T09:00:00Z,2026-05-19T05:00:00Z,False,AirGradient,Green Decision Labs and Research,"[{'id': 14976380, 'name': 'pm1 µg/m³', 'parameter': {'id': 19, 'name': 'pm1', 'units': 'µg/m³', 'displayName': 'PM1'}}, {'id': 14976381, 'name': 'pm25 µg/m³', 'parameter': {'id': 2, 'name': 'pm25', 'units': 'µg/m³', 'displayName': 'PM2.5'}}, {'id': 14976382, 'name': 'relativehumidity %', 'parameter': {'id': 98, 'name': 'relativehumidity', 'units': '%', 'displayName': 'RH'}}, {'id': 14976383, 'name': 'temperature c', 'parameter': {'id': 100, 'name': 'temperature', 'units': 'c', 'displayName': 'Temperature (C)'}}, {'id': 14976384, 'name': 'um003 particles/cm³', 'parameter': {'id': 125, 'name': 'um003', 'units': 'particles/cm³', 'displayName': 'PM0.3 count'}}]"
5598104,Pulchowk (SC-44) - GD Labs,,NP,27.6773887,85.3184176,Asia/Kathmandu,2025-09-19T00:00:00Z,2026-01-27T08:00:00Z,False,AirGradient,Green Decision Labs and Research,"[{'id': 14153467, 'name': 'pm1 µg/m³', 'parameter': {'id': 19, 'name': 'pm1', 'units': 'µg/m³', 'displayName': 'PM1'}}, {'id': 14153468, 'name': 'pm25 µg/m³', 'parameter': {'id': 2, 'name': 'pm25', 'units': 'µg/m³', 'displayName': 'PM2.5'}}, {'id': 14153469, 'name': 'relativehumidity %', 'parameter': {'id': 98, 'name': 'relativehumidity', 'units': '%', 'displayName': 'RH'}}, {'id': 14153470, 'name': 'temperature c', 'parameter': {'id': 100, 'name': 'temperature', 'units': 'c', 'displayName': 'Temperature (C)'}}, {'id': 14153471, 'name': 'um003 particles/cm³', 'parameter': {'id': 125, 'name': 'um003', 'units': 'particles/cm³', 'displayName': 'PM0.3 count'}}]"
5633032,Nakhipot (SC-08) - GD Labs,,NP,27.6510811,85.3178568,Asia/Kathmandu,2025-09-19T00:00:00Z,2026-05-19T05:00:00Z,False,AirGradient,AirGradient,"[{'id': 14153372, 'name': 'pm1 µg/m³', 'parameter': {'id': 19, 'name': 'pm1', 'units': 'µg/m³', 'displayName': 'PM1'}}, {'id': 14153373, 'name': 'pm25 µg/m³', 'parameter': {'id': 2, 'name': 'pm25', 'units': 'µg/m³', 'displayName': 'PM2.5'}}, {'id': 14153374, 'name': 'relativehumidity %', 'parameter': {'id': 98, 'name': 'relativehumidity', 'units': '%', 'displayName': 'RH'}}, {'id': 14153375, 'name': 'temperature c', 'parameter': {'id': 100, 'name': 'temperature', 'units': 'c', 'displayName': 'Temperature (C)'}}, {'id': 14153376, 'name': 'um003 particles/cm³', 'parameter': {'id': 125, 'name': 'um003', 'units': 'particles/cm³', 'displayName': 'PM0.3 count'}}]"
5634500,Sunakothi (SC - 06) - GD Labs,,NP,27.630412,85.320402,Asia/Kathmandu,2025-09-19T00:00:00Z,2026-05-19T01:00:00Z,False,AirGradient,Green Decision Labs and Research,"[{'id': 14153362, 'name': 'pm1 µg/m³', 'parameter': {'id': 19, 'name': 'pm1', 'units': 'µg/m³', 'displayName': 'PM1'}}, {'id': 14153363, 'name': 'pm25 µg/m³', 'parameter': {'id': 2, 'name': 'pm25', 'units': 'µg/m³', 'displayName': 'PM2.5'}}, {'id': 14153364, 'name': 'relativehumidity %', 'parameter': {'id': 98, 'name': 'relativehumidity', 'units': '%', 'displayName': 'RH'}}, {'id': 14153365, 'name': 'temperature c', 'parameter': {'id': 100, 'name': 'temperature', 'units': 'c', 'displayName': 'Temperature (C)'}}, {'id': 14153366, 'name': 'um003 particles/cm³', 'parameter': {'id': 125, 'name': 'um003', 'units': 'particles/cm³', 'displayName': 'PM0.3 count'}}]"
5676345,Chovar (SC - 07) - GD Labs,,NP,27.6662854,85.2937189,Asia/Kathmandu,2025-09-19T00:00:00Z,2026-05-19T05:00:00Z,False,AirGradient,Green Decision Labs and Research,"[{'id': 14153367, 'name': 'pm1 µg/m³', 'parameter': {'id': 19, 'name': 'pm1', 'units': 'µg/m³', 'displayName': 'PM1'}}, {'id': 14153368, 'name': 'pm25 µg/m³', 'parameter': {'id': 2, 'name': 'pm25', 'units': 'µg/m³', 'displayName': 'PM2.5'}}, {'id': 14153369, 'name': 'relativehumidity %', 'parameter': {'id': 98, 'name': 'relativehumidity', 'units': '%', 'displayName': 'RH'}}, {'id': 14153370, 'name': 'temperature c', 'parameter': {'id': 100, 'name': 'temperature', 'units': 'c', 'displayName': 'Temperature (C)'}}, {'id': 14153371, 'name': 'um003 particles/cm³', 'parameter': {'id': 125, 'name': 'um003', 'units': 'particles/cm³', 'displayName': 'PM0.3 count'}}]"
5676826,Taudaha (SC - 09) - GD Labs,,NP,27.651121,85.283954,Asia/Kathmandu,2025-09-19T00:00:00Z,2026-05-19T01:00:00Z,False,AirGradient,Green Decision Labs and Research,"[{'id': 14153377, 'name': 'pm1 µg/m³', 'parameter': {'id': 19, 'name': 'pm1', 'units': 'µg/m³', 'displayName': 'PM1'}}, {'id': 14153378, 'name': 'pm25 µg/m³', 'parameter': {'id': 2, 'name': 'pm25', 'units': 'µg/m³', 'displayName': 'PM2.5'}}, {'id': 14153379, 'name': 'relativehumidity %', 'parameter': {'id': 98, 'name': 'relativehumidity', 'units': '%', 'displayName': 'RH'}}, {'id': 14153380, 'name': 'temperature c', 'parameter': {'id': 100, 'name': 'temperature', 'units': 'c', 'displayName': 'Temperature (C)'}}, {'id': 14153381, 'name': 'um003 particles/cm³', 'parameter': {'id': 125, 'name': 'um003', 'units': 'particles/cm³', 'displayName': 'PM0.3 count'}}]"
5695597,"CEN-SR-25: Patako Chowk, Patan Durbar Square",,NP,27.673979,85.325392,Asia/Kathmandu,2025-09-19T00:00:00Z,2026-05-19T05:00:00Z,False,AirGradient,AirGradient,"[{'id': 14153462, 'name': 'pm1 µg/m³', 'parameter': {'id': 19, 'name': 'pm1', 'units': 'µg/m³', 'displayName': 'PM1'}}, {'id': 14153463, 'name': 'pm25 µg/m³', 'parameter': {'id': 2, 'name': 'pm25', 'units': 'µg/m³', 'displayName': 'PM2.5'}}, {'id': 14153464, 'name': 'relativehumidity %', 'parameter': {'id': 98, 'name': 'relativehumidity', 'units': '%', 'displayName': 'RH'}}, {'id': 14153465, 'name': 'temperature c', 'parameter': {'id': 100, 'name': 'temperature', 'units': 'c', 'displayName': 'Temperature (C)'}}, {'id': 14153466, 'name': 'um003 particles/cm³', 'parameter': {'id': 125, 'name': 'um003', 'units': 'particles/cm³', 'displayName': 'PM0.3 count'}}]"
5698877,Bharatpur Ward no 27 office Meghauli,,NP,27.57961,84.23604,Asia/Kathmandu,2025-09-19T00:00:00Z,2026-05-19T05:00:00Z,False,AirGradient,Clean Energy Nepal (CEN),"[{'id': 14153457, 'name': 'pm1 µg/m³', 'parameter': {'id': 19, 'name': 'pm1', 'units': 'µg/m³', 'displayName': 'PM1'}}, {'id': 14153458, 'name': 'pm25 µg/m³', 'parameter': {'id': 2, 'name': 'pm25', 'units': 'µg/m³', 'displayName': 'PM2.5'}}, {'id': 14153459, 'name': 'relativehumidity %', 'parameter': {'id': 98, 'name': 'relativehumidity', 'units': '%', 'displayName': 'RH'}}, {'id': 14153460, 'name': 'temperature c', 'parameter': {'id': 100, 'name': 'temperature', 'units': 'c', 'displayName': 'Temperature (C)'}}, {'id': 14153461, 'name': 'um003 particles/cm³', 'parameter': {'id': 125, 'name': 'um003', 'units': 'particles/cm³', 'displayName': 'PM0.3 count'}}]"
5699844,Farsidol Relocated,,NP,27.609972,85.296917,Asia/Kathmandu,2025-11-07T06:00:00Z,2026-05-11T06:00:00Z,False,AirGradient,Clean Energy Nepal (CEN),"[{'id': 14573140, 'name': 'pm1 µg/m³', 'parameter': {'id': 19, 'name': 'pm1', 'units': 'µg/m³', 'displayName': 'PM1'}}, {'id': 14573141, 'name': 'pm25 µg/m³', 'parameter': {'id': 2, 'name': 'pm25', 'units': 'µg/m³', 'displayName': 'PM2.5'}}, {'id': 14573142, 'name': 'relativehumidity %', 'parameter': {'id': 98, 'name': 'relativehumidity', 'units': '%', 'displayName': 'RH'}}, {'id': 14573143, 'name': 'temperature c', 'parameter': {'id': 100, 'name': 'temperature', 'units': 'c', 'displayName': 'Temperature (C)'}}, {'id': 14573144, 'name': 'um003 particles/cm³', 'parameter': {'id': 125, 'name': 'um003', 'units': 'particles/cm³', 'displayName': 'PM0.3 count'}}]"
5709621,Hetauda Sub-Metropolitan City Office (CEN-SR-15),,NP,27.43358,85.03828,Asia/Kathmandu,2025-11-06T06:00:00Z,2026-05-19T05:00:00Z,False,AirGradient,Clean Energy Nepal (CEN),"[{'id': 14564632, 'name': 'pm1 µg/m³', 'parameter': {'id': 19, 'name': 'pm1', 'units': 'µg/m³', 'displayName': 'PM1'}}, {'id': 14564633, 'name': 'pm25 µg/m³', 'parameter': {'id': 2, 'name': 'pm25', 'units': 'µg/m³', 'displayName': 'PM2.5'}}, {'id': 14564634, 'name': 'relativehumidity %', 'parameter': {'id': 98, 'name': 'relativehumidity', 'units': '%', 'displayName': 'RH'}}, {'id': 14564635, 'name': 'temperature c', 'parameter': {'id': 100, 'name': 'temperature', 'units': 'c', 'displayName': 'Temperature (C)'}}, {'id': 14564636, 'name': 'um003 particles/cm³', 'parameter': {'id': 125, 'name': 'um003', 'units': 'particles/cm³', 'displayName': 'PM0.3 count'}}]"
5710077,CEN-SR-02: Farsidol Brick Factories,,NP,27.6175,85.2961,Asia/Kathmandu,2025-09-19T00:00:00Z,2026-04-06T10:00:00Z,False,AirGradient,Clean Energy Nepal (CEN),"[{'id': 14153452, 'name': 'pm1 µg/m³', 'parameter': {'id': 19, 'name': 'pm1', 'units': 'µg/m³', 'displayName': 'PM1'}}, {'id': 14153453, 'name': 'pm25 µg/m³', 'parameter': {'id': 2, 'name': 'pm25', 'units': 'µg/m³', 'displayName': 'PM2.5'}}, {'id': 14153454, 'name': 'relativehumidity %', 'parameter': {'id': 98, 'name': 'relativehumidity', 'units': '%', 'displayName': 'RH'}}, {'id': 14153455, 'name': 'temperature c', 'parameter': {'id': 100, 'name': 'temperature', 'units': 'c', 'displayName': 'Temperature (C)'}}, {'id': 14153456, 'name': 'um003 particles/cm³', 'parameter': {'id': 125, 'name': 'um003', 'units': 'particles/cm³', 'displayName': 'PM0.3 count'}}]"
5710078,Hetauda Udhyog Sang Office (CEN-SR-18),,NP,27.40233,85.02521,Asia/Kathmandu,2025-09-21T02:00:00Z,2026-05-19T05:00:00Z,False,AirGradient,Clean Energy Nepal (CEN),"[{'id': 14171643, 'name': 'pm1 µg/m³', 'parameter': {'id': 19, 'name': 'pm1', 'units': 'µg/m³', 'displayName': 'PM1'}}, {'id': 14171644, 'name': 'pm25 µg/m³', 'parameter': {'id': 2, 'name': 'pm25', 'units': 'µg/m³', 'displayName': 'PM2.5'}}, {'id': 14171645, 'name': 'relativehumidity %', 'parameter': {'id': 98, 'name': 'relativehumidity', 'units': '%', 'displayName': 'RH'}}, {'id': 14171646, 'name': 'temperature c', 'parameter': {'id': 100, 'name': 'temperature', 'units': 'c', 'displayName': 'Temperature (C)'}}, {'id': 14171647, 'name': 'um003 particles/cm³', 'parameter': {'id': 125, 'name': 'um003', 'units': 'particles/cm³', 'displayName': 'PM0.3 count'}}]"
6070692,Shantichowk (SC-11) - GD Labs,,NP,27.7239866,85.2793095,Asia/Kathmandu,2025-10-09T07:00:00Z,2026-05-18T09:00:00Z,False,AirGradient,Green Decision Labs and Research,"[{'id': 14327493, 'name': 'pm1 µg/m³', 'parameter': {'id': 19, 'name': 'pm1', 'units': 'µg/m³', 'displayName': 'PM1'}}, {'id': 14327494, 'name': 'pm25 µg/m³', 'parameter': {'id': 2, 'name': 'pm25', 'units': 'µg/m³', 'displayName': 'PM2.5'}}, {'id': 14327495, 'name': 'relativehumidity %', 'parameter': {'id': 98, 'name': 'relativehumidity', 'units': '%', 'displayName': 'RH'}}, {'id': 14327496, 'name': 'temperature c', 'parameter': {'id': 100, 'name': 'temperature', 'units': 'c', 'displayName': 'Temperature (C)'}}, {'id': 14327497, 'name': 'um003 particles/cm³', 'parameter': {'id': 125, 'name': 'um003', 'units': 'particles/cm³', 'displayName': 'PM0.3 count'}}]"
6071242,Gothatar (SC-12) - GD Labs,,NP,27.7109112,85.3803717,Asia/Kathmandu,2025-10-09T08:00:00Z,2026-05-19T05:00:00Z,False,AirGradient,Green Decision Labs and Research,"[{'id': 14327775, 'name': 'pm1 µg/m³', 'parameter': {'id': 19, 'name': 'pm1', 'units': 'µg/m³', 'displayName': 'PM1'}}, {'id': 14327776, 'name': 'pm25 µg/m³', 'parameter': {'id': 2, 'name': 'pm25', 'units': 'µg/m³', 'displayName': 'PM2.5'}}, {'id': 14327777, 'name': 'relativehumidity %', 'parameter': {'id': 98, 'name': 'relativehumidity', 'units': '%', 'displayName': 'RH'}}, {'id': 14327778, 'name': 'temperature c', 'parameter': {'id': 100, 'name': 'temperature', 'units': 'c', 'displayName': 'Temperature (C)'}}, {'id': 14327779, 'name': 'um003 particles/cm³', 'parameter': {'id': 125, 'name': 'um003', 'units': 'particles/cm³', 'displayName': 'PM0.3 count'}}]"
6083043,Gokarneshwor (SC-13) - GD Labs,,NP,27.7206848,85.381682,Asia/Kathmandu,2025-10-10T07:00:00Z,2026-05-19T05:00:00Z,False,AirGradient,Green Decision Labs and Research,"[{'id': 14335683, 'name': 'pm1 µg/m³', 'parameter': {'id': 19, 'name': 'pm1', 'units': 'µg/m³', 'displayName': 'PM1'}}, {'id': 14335684, 'name': 'pm25 µg/m³', 'parameter': {'id': 2, 'name': 'pm25', 'units': 'µg/m³', 'displayName': 'PM2.5'}}, {'id': 14335685, 'name': 'relativehumidity %', 'parameter': {'id': 98, 'name': 'relativehumidity', 'units': '%', 'displayName': 'RH'}}, {'id': 14335686, 'name': 'temperature c', 'parameter': {'id': 100, 'name': 'temperature', 'units': 'c', 'displayName': 'Temperature (C)'}}, {'id': 14335687, 'name': 'um003 particles/cm³', 'parameter': {'id': 125, 'name': 'um003', 'units': 'particles/cm³', 'displayName': 'PM0.3 count'}}]"
6092366,CEN_SR-09: Dhangadhdi Sub-metropolitan City Office,,NP,28.70728,80.585126,Asia/Kathmandu,2025-10-12T06:00:00Z,2026-05-19T05:00:00Z,False,AirGradient,Clean Energy Nepal (CEN),"[{'id': 14355142, 'name': 'pm1 µg/m³', 'parameter': {'id': 19, 'name': 'pm1', 'units': 'µg/m³', 'displayName': 'PM1'}}, {'id': 14355143, 'name': 'pm25 µg/m³', 'parameter': {'id': 2, 'name': 'pm25', 'units': 'µg/m³', 'displayName': 'PM2.5'}}, {'id': 14355144, 'name': 'relativehumidity %', 'parameter': {'id': 98, 'name': 'relativehumidity', 'units': '%', 'displayName': 'RH'}}, {'id': 14355145, 'name': 'temperature c', 'parameter': {'id': 100, 'name': 'temperature', 'units': 'c', 'displayName': 'Temperature (C)'}}, {'id': 14355146, 'name': 'um003 particles/cm³', 'parameter': {'id': 125, 'name': 'um003', 'units': 'particles/cm³', 'displayName': 'PM0.3 count'}}]"
6092405,CEN-SR-14: Dhangadhi Sub-metropolitan Ward 8,,NP,28.699953,80.600298,Asia/Kathmandu,2025-10-12T09:00:00Z,2026-05-19T05:00:00Z,False,AirGradient,Clean Energy Nepal (CEN),"[{'id': 14355423, 'name': 'pm1 µg/m³', 'parameter': {'id': 19, 'name': 'pm1', 'units': 'µg/m³', 'displayName': 'PM1'}}, {'id': 14355424, 'name': 'pm25 µg/m³', 'parameter': {'id': 2, 'name': 'pm25', 'units': 'µg/m³', 'displayName': 'PM2.5'}}, {'id': 14355425, 'name': 'relativehumidity %', 'parameter': {'id': 98, 'name': 'relativehumidity', 'units': '%', 'displayName': 'RH'}}, {'id': 14355426, 'name': 'temperature c', 'parameter': {'id': 100, 'name': 'temperature', 'units': 'c', 'displayName': 'Temperature (C)'}}, {'id': 14355427, 'name': 'um003 particles/cm³', 'parameter': {'id': 125, 'name': 'um003', 'units': 'particles/cm³', 'displayName': 'PM0.3 count'}}]"
6093431,Mahankal (SC-16) - GD Labs,,NP,27.7258555,85.3581047,Asia/Kathmandu,2025-10-13T05:00:00Z,2026-05-19T05:00:00Z,False,AirGradient,Green Decision Labs and Research,"[{'id': 14362964, 'name': 'pm1 µg/m³', 'parameter': {'id': 19, 'name': 'pm1', 'units': 'µg/m³', 'displayName': 'PM1'}}, {'id': 14362965, 'name': 'pm25 µg/m³', 'parameter': {'id': 2, 'name': 'pm25', 'units': 'µg/m³', 'displayName': 'PM2.5'}}, {'id': 14362966, 'name': 'relativehumidity %', 'parameter': {'id': 98, 'name': 'relativehumidity', 'units': '%', 'displayName': 'RH'}}, {'id': 14362967, 'name': 'temperature c', 'parameter': {'id': 100, 'name': 'temperature', 'units': 'c', 'displayName': 'Temperature (C)'}}, {'id': 14362968, 'name': 'um003 particles/cm³', 'parameter': {'id': 125, 'name': 'um003', 'units': 'particles/cm³', 'displayName': 'PM0.3 count'}}]"
6093432,Chhetrapati (SC - 19) - GD Labs,,NP,27.7119136,85.3061473,Asia/Kathmandu,2025-10-13T06:00:00Z,2026-05-18T09:00:00Z,False,AirGradient,Green Decision Labs and Research,"[{'id': 14363830, 'name': 'pm1 µg/m³', 'parameter': {'id': 19, 'name': 'pm1', 'units': 'µg/m³', 'displayName': 'PM1'}}, {'id': 14363831, 'name': 'pm25 µg/m³', 'parameter': {'id': 2, 'name': 'pm25', 'units': 'µg/m³', 'displayName': 'PM2.5'}}, {'id': 14363832, 'name': 'relativehumidity %', 'parameter': {'id': 98, 'name': 'relativehumidity', 'units': '%', 'displayName': 'RH'}}, {'id': 14363833, 'name': 'temperature c', 'parameter': {'id': 100, 'name': 'temperature', 'units': 'c', 'displayName': 'Temperature (C)'}}, {'id': 14363834, 'name': 'um003 particles/cm³', 'parameter': {'id': 125, 'name': 'um003', 'units': 'particles/cm³', 'displayName': 'PM0.3 count'}}]"
6093548,Tarakeswor (SC-14)-GD Labs,,NP,27.759667,85.289631,Asia/Kathmandu,2025-10-13T07:00:00Z,2026-05-18T09:00:00Z,False,AirGradient,Green Decision Labs and Research,"[{'id': 14363839, 'name': 'pm1 µg/m³', 'parameter': {'id': 19, 'name': 'pm1', 'units': 'µg/m³', 'displayName': 'PM1'}}, {'id': 14363840, 'name': 'pm25 µg/m³', 'parameter': {'id': 2, 'name': 'pm25', 'units': 'µg/m³', 'displayName': 'PM2.5'}}, {'id': 14363841, 'name': 'relativehumidity %', 'parameter': {'id': 98, 'name': 'relativehumidity', 'units': '%', 'displayName': 'RH'}}, {'id': 14363842, 'name': 'temperature c', 'parameter': {'id': 100, 'name': 'temperature', 'units': 'c', 'displayName': 'Temperature (C)'}}, {'id': 14363843, 'name': 'um003 particles/cm³', 'parameter': {'id': 125, 'name': 'um003', 'units': 'particles/cm³', 'displayName': 'PM0.3 count'}}]"
6093549,Golfutar (SC- 17) - GD Labs,,NP,27.74857,85.349052,Asia/Kathmandu,2025-10-13T07:00:00Z,2026-05-19T05:00:00Z,False,AirGradient,Green Decision Labs and Research,"[{'id': 14363844, 'name': 'pm1 µg/m³', 'parameter': {'id': 19, 'name': 'pm1', 'units': 'µg/m³', 'displayName': 'PM1'}}, {'id': 14363845, 'name': 'pm25 µg/m³', 'parameter': {'id': 2, 'name': 'pm25', 'units': 'µg/m³', 'displayName': 'PM2.5'}}, {'id': 14363846, 'name': 'relativehumidity %', 'parameter': {'id': 98, 'name': 'relativehumidity', 'units': '%', 'displayName': 'RH'}}, {'id': 14363847, 'name': 'temperature c', 'parameter': {'id': 100, 'name': 'temperature', 'units': 'c', 'displayName': 'Temperature (C)'}}, {'id': 14363848, 'name': 'um003 particles/cm³', 'parameter': {'id': 125, 'name': 'um003', 'units': 'particles/cm³', 'displayName': 'PM0.3 count'}}]"
6093550,Tankeshwor (SC- 18) - GD Labs,,NP,27.7003531,85.3015259,Asia/Kathmandu,2025-10-13T07:00:00Z,2026-05-18T09:00:00Z,False,AirGradient,Green Decision Labs and Research,"[{'id': 14363849, 'name': 'pm1 µg/m³', 'parameter': {'id': 19, 'name': 'pm1', 'units': 'µg/m³', 'displayName': 'PM1'}}, {'id': 14363850, 'name': 'pm25 µg/m³', 'parameter': {'id': 2, 'name': 'pm25', 'units': 'µg/m³', 'displayName': 'PM2.5'}}, {'id': 14363851, 'name': 'relativehumidity %', 'parameter': {'id': 98, 'name': 'relativehumidity', 'units': '%', 'displayName': 'RH'}}, {'id': 14363852, 'name': 'temperature c', 'parameter': {'id': 100, 'name': 'temperature', 'units': 'c', 'displayName': 'Temperature (C)'}}, {'id': 14363853, 'name': 'um003 particles/cm³', 'parameter': {'id': 125, 'name': 'um003', 'units': 'particles/cm³', 'displayName': 'PM0.3 count'}}]"
6093551,Teku Ward 12 (SC - 20) - GD Labs ,,NP,27.6988338,85.3041625,Asia/Kathmandu,2025-10-19T09:00:00Z,2026-05-18T09:00:00Z,False,AirGradient,Green Decision Labs and Research,"[{'id': 14415607, 'name': 'pm1 µg/m³', 'parameter': {'id': 19, 'name': 'pm1', 'units': 'µg/m³', 'displayName': 'PM1'}}, {'id': 14415608, 'name': 'pm25 µg/m³', 'parameter': {'id': 2, 'name': 'pm25', 'units': 'µg/m³', 'displayName': 'PM2.5'}}, {'id': 14415609, 'name': 'relativehumidity %', 'parameter': {'id': 98, 'name': 'relativehumidity', 'units': '%', 'displayName': 'RH'}}, {'id': 14415610, 'name': 'temperature c', 'parameter': {'id': 100, 'name': 'temperature', 'units': 'c', 'displayName': 'Temperature (C)'}}, {'id': 14415611, 'name': 'um003 particles/cm³', 'parameter': {'id': 125, 'name': 'um003', 'units': 'particles/cm³', 'displayName': 'PM0.3 count'}}]"
6093752,Ramkot (SC - 10) - GD Labs,,NP,27.695671,85.337428,Asia/Kathmandu,2025-10-13T09:00:00Z,2026-05-18T05:00:00Z,False,AirGradient,AirGradient,"[{'id': 14365293, 'name': 'pm1 µg/m³', 'parameter': {'id': 19, 'name': 'pm1', 'units': 'µg/m³', 'displayName': 'PM1'}}, {'id': 14365294, 'name': 'pm25 µg/m³', 'parameter': {'id': 2, 'name': 'pm25', 'units': 'µg/m³', 'displayName': 'PM2.5'}}, {'id': 14365295, 'name': 'relativehumidity %', 'parameter': {'id': 98, 'name': 'relativehumidity', 'units': '%', 'displayName': 'RH'}}, {'id': 14365296, 'name': 'temperature c', 'parameter': {'id': 100, 'name': 'temperature', 'units': 'c', 'displayName': 'Temperature (C)'}}, {'id': 14365297, 'name': 'um003 particles/cm³', 'parameter': {'id': 125, 'name': 'um003', 'units': 'particles/cm³', 'displayName': 'PM0.3 count'}}]"
6094668,Sundarighat (SC-23) - GD Labs,,NP,27.6737702,85.2948301,Asia/Kathmandu,2025-10-14T05:00:00Z,2026-05-18T09:00:00Z,False,AirGradient,Green Decision Labs and Research,"[{'id': 14371767, 'name': 'pm1 µg/m³', 'parameter': {'id': 19, 'name': 'pm1', 'units': 'µg/m³', 'displayName': 'PM1'}}, {'id': 14371768, 'name': 'pm25 µg/m³', 'parameter': {'id': 2, 'name': 'pm25', 'units': 'µg/m³', 'displayName': 'PM2.5'}}, {'id': 14371769, 'name': 'relativehumidity %', 'parameter': {'id': 98, 'name': 'relativehumidity', 'units': '%', 'displayName': 'RH'}}, {'id': 14371770, 'name': 'temperature c', 'parameter': {'id': 100, 'name': 'temperature', 'units': 'c', 'displayName': 'Temperature (C)'}}, {'id': 14371771, 'name': 'um003 particles/cm³', 'parameter': {'id': 125, 'name': 'um003', 'units': 'particles/cm³', 'displayName': 'PM0.3 count'}}]"
6094706,Kritipur Ward 3 (SC-25) - GD Labs,,NP,27.6774083,85.2727816,Asia/Kathmandu,2025-10-14T06:00:00Z,2026-04-29T06:00:00Z,False,AirGradient,Green Decision Labs and Research,"[{'id': 14372570, 'name': 'pm1 µg/m³', 'parameter': {'id': 19, 'name': 'pm1', 'units': 'µg/m³', 'displayName': 'PM1'}}, {'id': 14372571, 'name': 'pm25 µg/m³', 'parameter': {'id': 2, 'name': 'pm25', 'units': 'µg/m³', 'displayName': 'PM2.5'}}, {'id': 14372572, 'name': 'relativehumidity %', 'parameter': {'id': 98, 'name': 'relativehumidity', 'units': '%', 'displayName': 'RH'}}, {'id': 14372573, 'name': 'temperature c', 'parameter': {'id': 100, 'name': 'temperature', 'units': 'c', 'displayName': 'Temperature (C)'}}, {'id': 14372574, 'name': 'um003 particles/cm³', 'parameter': {'id': 125, 'name': 'um003', 'units': 'particles/cm³', 'displayName': 'PM0.3 count'}}]"
6094777,Tyanglaphat (SC - 21) - GD Labs,,NP,27.6861651,85.28026,Asia/Kathmandu,2025-10-14T06:00:00Z,2026-05-19T05:00:00Z,False,AirGradient,Green Decision Labs and Research,"[{'id': 14372565, 'name': 'pm1 µg/m³', 'parameter': {'id': 19, 'name': 'pm1', 'units': 'µg/m³', 'displayName': 'PM1'}}, {'id': 14372566, 'name': 'pm25 µg/m³', 'parameter': {'id': 2, 'name': 'pm25', 'units': 'µg/m³', 'displayName': 'PM2.5'}}, {'id': 14372567, 'name': 'relativehumidity %', 'parameter': {'id': 98, 'name': 'relativehumidity', 'units': '%', 'displayName': 'RH'}}, {'id': 14372568, 'name': 'temperature c', 'parameter': {'id': 100, 'name': 'temperature', 'units': 'c', 'displayName': 'Temperature (C)'}}, {'id': 14372569, 'name': 'um003 particles/cm³', 'parameter': {'id': 125, 'name': 'um003', 'units': 'particles/cm³', 'displayName': 'PM0.3 count'}}]"
6094778,Sanepa (SC - 22) - GD Labs,,NP,27.6854882,85.3091634,Asia/Kathmandu,2025-10-14T08:00:00Z,2026-05-19T05:00:00Z,False,AirGradient,Green Decision Labs and Research,"[{'id': 14372846, 'name': 'pm1 µg/m³', 'parameter': {'id': 19, 'name': 'pm1', 'units': 'µg/m³', 'displayName': 'PM1'}}, {'id': 14372847, 'name': 'pm25 µg/m³', 'parameter': {'id': 2, 'name': 'pm25', 'units': 'µg/m³', 'displayName': 'PM2.5'}}, {'id': 14372848, 'name': 'relativehumidity %', 'parameter': {'id': 98, 'name': 'relativehumidity', 'units': '%', 'displayName': 'RH'}}, {'id': 14372849, 'name': 'temperature c', 'parameter': {'id': 100, 'name': 'temperature', 'units': 'c', 'displayName': 'Temperature (C)'}}, {'id': 14372850, 'name': 'um003 particles/cm³', 'parameter': {'id': 125, 'name': 'um003', 'units': 'particles/cm³', 'displayName': 'PM0.3 count'}}]"
6094779,Balaju (SC-26)- GD Labs,,NP,27.738289,85.302611,Asia/Kathmandu,2025-10-14T07:00:00Z,2026-05-19T05:00:00Z,False,AirGradient,Green Decision Labs and Research,"[{'id': 14372575, 'name': 'pm1 µg/m³', 'parameter': {'id': 19, 'name': 'pm1', 'units': 'µg/m³', 'displayName': 'PM1'}}, {'id': 14372576, 'name': 'pm25 µg/m³', 'parameter': {'id': 2, 'name': 'pm25', 'units': 'µg/m³', 'displayName': 'PM2.5'}}, {'id': 14372577, 'name': 'relativehumidity %', 'parameter': {'id': 98, 'name': 'relativehumidity', 'units': '%', 'displayName': 'RH'}}, {'id': 14372578, 'name': 'temperature c', 'parameter': {'id': 100, 'name': 'temperature', 'units': 'c', 'displayName': 'Temperature (C)'}}, {'id': 14372579, 'name': 'um003 particles/cm³', 'parameter': {'id': 125, 'name': 'um003', 'units': 'particles/cm³', 'displayName': 'PM0.3 count'}}]"
6095032,"CEN-SR-17: Bhaluwang, Dang",,NP,27.841728,82.763938,Asia/Kathmandu,2025-10-14T11:00:00Z,2026-05-19T05:00:00Z,False,AirGradient,Clean Energy Nepal (CEN),"[{'id': 14374445, 'name': 'pm1 µg/m³', 'parameter': {'id': 19, 'name': 'pm1', 'units': 'µg/m³', 'displayName': 'PM1'}}, {'id': 14374446, 'name': 'pm25 µg/m³', 'parameter': {'id': 2, 'name': 'pm25', 'units': 'µg/m³', 'displayName': 'PM2.5'}}, {'id': 14374447, 'name': 'relativehumidity %', 'parameter': {'id': 98, 'name': 'relativehumidity', 'units': '%', 'displayName': 'RH'}}, {'id': 14374448, 'name': 'temperature c', 'parameter': {'id': 100, 'name': 'temperature', 'units': 'c', 'displayName': 'Temperature (C)'}}, {'id': 14374449, 'name': 'um003 particles/cm³', 'parameter': {'id': 125, 'name': 'um003', 'units': 'particles/cm³', 'displayName': 'PM0.3 count'}}]"
6095642,CEN-SR-08/ Birendranagar Municipality,,NP,28.595355,81.62317,Asia/Kathmandu,2025-10-14T23:00:00Z,2026-05-19T05:00:00Z,False,AirGradient,Clean Energy Nepal (CEN),"[{'id': 14378956, 'name': 'pm1 µg/m³', 'parameter': {'id': 19, 'name': 'pm1', 'units': 'µg/m³', 'displayName': 'PM1'}}, {'id': 14378957, 'name': 'pm25 µg/m³', 'parameter': {'id': 2, 'name': 'pm25', 'units': 'µg/m³', 'displayName': 'PM2.5'}}, {'id': 14378958, 'name': 'relativehumidity %', 'parameter': {'id': 98, 'name': 'relativehumidity', 'units': '%', 'displayName': 'RH'}}, {'id': 14378959, 'name': 'temperature c', 'parameter': {'id': 100, 'name': 'temperature', 'units': 'c', 'displayName': 'Temperature (C)'}}, {'id': 14378960, 'name': 'um003 particles/cm³', 'parameter': {'id': 125, 'name': 'um003', 'units': 'particles/cm³', 'displayName': 'PM0.3 count'}}]"
6096081,Tarakeswor (SC-15)- GD Labs,,NP,27.759288,85.289453,Asia/Kathmandu,2025-10-15T11:00:00Z,2025-10-16T06:00:00Z,False,AirGradient,AirGradient,"[{'id': 14382735, 'name': 'pm1 µg/m³', 'parameter': {'id': 19, 'name': 'pm1', 'units': 'µg/m³', 'displayName': 'PM1'}}, {'id': 14382736, 'name': 'pm25 µg/m³', 'parameter': {'id': 2, 'name': 'pm25', 'units': 'µg/m³', 'displayName': 'PM2.5'}}, {'id': 14382737, 'name': 'relativehumidity %', 'parameter': {'id': 98, 'name': 'relativehumidity', 'units': '%', 'displayName': 'RH'}}, {'id': 14382738, 'name': 'temperature c', 'parameter': {'id': 100, 'name': 'temperature', 'units': 'c', 'displayName': 'Temperature (C)'}}, {'id': 14382739, 'name': 'um003 particles/cm³', 'parameter': {'id': 125, 'name': 'um003', 'units': 'particles/cm³', 'displayName': 'PM0.3 count'}}]"
6096082,CEN-SR-10: Siddharthanagar Municipality Ward no. 4,,NP,27.509584,83.421013,Asia/Kathmandu,2025-10-15T11:00:00Z,2026-05-19T05:00:00Z,False,AirGradient,Clean Energy Nepal (CEN),"[{'id': 14382740, 'name': 'pm1 µg/m³', 'parameter': {'id': 19, 'name': 'pm1', 'units': 'µg/m³', 'displayName': 'PM1'}}, {'id': 14382741, 'name': 'pm25 µg/m³', 'parameter': {'id': 2, 'name': 'pm25', 'units': 'µg/m³', 'displayName': 'PM2.5'}}, {'id': 14382742, 'name': 'relativehumidity %', 'parameter': {'id': 98, 'name': 'relativehumidity', 'units': '%', 'displayName': 'RH'}}, {'id': 14382743, 'name': 'temperature c', 'parameter': {'id': 100, 'name': 'temperature', 'units': 'c', 'displayName': 'Temperature (C)'}}, {'id': 14382744, 'name': 'um003 particles/cm³', 'parameter': {'id': 125, 'name': 'um003', 'units': 'particles/cm³', 'displayName': 'PM0.3 count'}}]"
6096083,CEN-SR-07: Siddharthanagar Municipality City Office Ward No. 5,,NP,27.505918,83.451909,Asia/Kathmandu,2025-10-15T09:00:00Z,2026-05-19T05:00:00Z,False,AirGradient,Clean Energy Nepal (CEN),"[{'id': 14382198, 'name': 'pm1 µg/m³', 'parameter': {'id': 19, 'name': 'pm1', 'units': 'µg/m³', 'displayName': 'PM1'}}, {'id': 14382199, 'name': 'pm25 µg/m³', 'parameter': {'id': 2, 'name': 'pm25', 'units': 'µg/m³', 'displayName': 'PM2.5'}}, {'id': 14382200, 'name': 'relativehumidity %', 'parameter': {'id': 98, 'name': 'relativehumidity', 'units': '%', 'displayName': 'RH'}}, {'id': 14382201, 'name': 'temperature c', 'parameter': {'id': 100, 'name': 'temperature', 'units': 'c', 'displayName': 'Temperature (C)'}}, {'id': 14382202, 'name': 'um003 particles/cm³', 'parameter': {'id': 125, 'name': 'um003', 'units': 'particles/cm³', 'displayName': 'PM0.3 count'}}]"
6097220,CEN-SR-16: Pokhara Metropolitan City Ward No. 7 Office,,NP,28.205667,83.973964,Asia/Kathmandu,2025-10-16T10:00:00Z,2026-05-19T05:00:00Z,False,AirGradient,Clean Energy Nepal (CEN),"[{'id': 14390315, 'name': 'pm1 µg/m³', 'parameter': {'id': 19, 'name': 'pm1', 'units': 'µg/m³', 'displayName': 'PM1'}}, {'id': 14390316, 'name': 'pm25 µg/m³', 'parameter': {'id': 2, 'name': 'pm25', 'units': 'µg/m³', 'displayName': 'PM2.5'}}, {'id': 14390317, 'name': 'relativehumidity %', 'parameter': {'id': 98, 'name': 'relativehumidity', 'units': '%', 'displayName': 'RH'}}, {'id': 14390318, 'name': 'temperature c', 'parameter': {'id': 100, 'name': 'temperature', 'units': 'c', 'displayName': 'Temperature (C)'}}, {'id': 14390319, 'name': 'um003 particles/cm³', 'parameter': {'id': 125, 'name': 'um003', 'units': 'particles/cm³', 'displayName': 'PM0.3 count'}}]"
6108737,"CEN-SR-12: Lamahi Municipality Office, Dang",,NP,27.867904,82.526074,Asia/Kathmandu,2025-10-26T05:00:00Z,2026-05-19T05:00:00Z,False,AirGradient,Clean Energy Nepal (CEN),"[{'id': 14475462, 'name': 'pm1 µg/m³', 'parameter': {'id': 19, 'name': 'pm1', 'units': 'µg/m³', 'displayName': 'PM1'}}, {'id': 14475463, 'name': 'pm25 µg/m³', 'parameter': {'id': 2, 'name': 'pm25', 'units': 'µg/m³', 'displayName': 'PM2.5'}}, {'id': 14475464, 'name': 'relativehumidity %', 'parameter': {'id': 98, 'name': 'relativehumidity', 'units': '%', 'displayName': 'RH'}}, {'id': 14475465, 'name': 'temperature c', 'parameter': {'id': 100, 'name': 'temperature', 'units': 'c', 'displayName': 'Temperature (C)'}}, {'id': 14475466, 'name': 'um003 particles/cm³', 'parameter': {'id': 125, 'name': 'um003', 'units': 'particles/cm³', 'displayName': 'PM0.3 count'}}]"
6108844,CEN-SR-22:Birendranagar Ward 12 Sahakari Chowk,,NP,28.59776,81.640329,Asia/Kathmandu,2025-10-26T09:00:00Z,2026-05-19T05:00:00Z,False,AirGradient,Clean Energy Nepal (CEN),"[{'id': 14476518, 'name': 'pm1 µg/m³', 'parameter': {'id': 19, 'name': 'pm1', 'units': 'µg/m³', 'displayName': 'PM1'}}, {'id': 14476519, 'name': 'pm25 µg/m³', 'parameter': {'id': 2, 'name': 'pm25', 'units': 'µg/m³', 'displayName': 'PM2.5'}}, {'id': 14476520, 'name': 'relativehumidity %', 'parameter': {'id': 98, 'name': 'relativehumidity', 'units': '%', 'displayName': 'RH'}}, {'id': 14476521, 'name': 'temperature c', 'parameter': {'id': 100, 'name': 'temperature', 'units': 'c', 'displayName': 'Temperature (C)'}}, {'id': 14476522, 'name': 'um003 particles/cm³', 'parameter': {'id': 125, 'name': 'um003', 'units': 'particles/cm³', 'displayName': 'PM0.3 count'}}]"
6118806,"CEN-SR-05: Shree Vindhyavasini Secondary School, Pokhara",,NP,28.262683,83.979606,Asia/Kathmandu,2025-11-04T07:00:00Z,2026-05-19T05:00:00Z,False,AirGradient,Clean Energy Nepal (CEN),"[{'id': 14548528, 'name': 'pm1 µg/m³', 'parameter': {'id': 19, 'name': 'pm1', 'units': 'µg/m³', 'displayName': 'PM1'}}, {'id': 14548529, 'name': 'pm25 µg/m³', 'parameter': {'id': 2, 'name': 'pm25', 'units': 'µg/m³', 'displayName': 'PM2.5'}}, {'id': 14548530, 'name': 'relativehumidity %', 'parameter': {'id': 98, 'name': 'relativehumidity', 'units': '%', 'displayName': 'RH'}}, {'id': 14548531, 'name': 'temperature c', 'parameter': {'id': 100, 'name': 'temperature', 'units': 'c', 'displayName': 'Temperature (C)'}}, {'id': 14548532, 'name': 'um003 particles/cm³', 'parameter': {'id': 125, 'name': 'um003', 'units': 'particles/cm³', 'displayName': 'PM0.3 count'}}]"
6120977,Sitapaila (SC-30) - GD Labs,,NP,27.7093728,85.2808987,Asia/Kathmandu,2025-11-06T06:00:00Z,2026-05-19T05:00:00Z,False,AirGradient,Green Decision Labs and Research,"[{'id': 14564637, 'name': 'pm1 µg/m³', 'parameter': {'id': 19, 'name': 'pm1', 'units': 'µg/m³', 'displayName': 'PM1'}}, {'id': 14564638, 'name': 'pm25 µg/m³', 'parameter': {'id': 2, 'name': 'pm25', 'units': 'µg/m³', 'displayName': 'PM2.5'}}, {'id': 14564639, 'name': 'relativehumidity %', 'parameter': {'id': 98, 'name': 'relativehumidity', 'units': '%', 'displayName': 'RH'}}, {'id': 14564640, 'name': 'temperature c', 'parameter': {'id': 100, 'name': 'temperature', 'units': 'c', 'displayName': 'Temperature (C)'}}, {'id': 14564641, 'name': 'um003 particles/cm³', 'parameter': {'id': 125, 'name': 'um003', 'units': 'particles/cm³', 'displayName': 'PM0.3 count'}}]"
6121046,Tokha (SC-31) - GD Labs,,NP,27.7560283,85.3268462,Asia/Kathmandu,2025-11-06T07:00:00Z,2026-05-19T05:00:00Z,False,AirGradient,Green Decision Labs and Research,"[{'id': 14565152, 'name': 'pm1 µg/m³', 'parameter': {'id': 19, 'name': 'pm1', 'units': 'µg/m³', 'displayName': 'PM1'}}, {'id': 14565153, 'name': 'pm25 µg/m³', 'parameter': {'id': 2, 'name': 'pm25', 'units': 'µg/m³', 'displayName': 'PM2.5'}}, {'id': 14565154, 'name': 'relativehumidity %', 'parameter': {'id': 98, 'name': 'relativehumidity', 'units': '%', 'displayName': 'RH'}}, {'id': 14565155, 'name': 'temperature c', 'parameter': {'id': 100, 'name': 'temperature', 'units': 'c', 'displayName': 'Temperature (C)'}}, {'id': 14565156, 'name': 'um003 particles/cm³', 'parameter': {'id': 125, 'name': 'um003', 'units': 'particles/cm³', 'displayName': 'PM0.3 count'}}]"
6121047,Imadol(SC-27)- GD Labs,,NP,27.661062,85.347716,Asia/Kathmandu,2025-11-06T07:00:00Z,2026-05-19T05:00:00Z,False,AirGradient,Green Decision Labs and Research,"[{'id': 14565157, 'name': 'pm1 µg/m³', 'parameter': {'id': 19, 'name': 'pm1', 'units': 'µg/m³', 'displayName': 'PM1'}}, {'id': 14565158, 'name': 'pm25 µg/m³', 'parameter': {'id': 2, 'name': 'pm25', 'units': 'µg/m³', 'displayName': 'PM2.5'}}, {'id': 14565159, 'name': 'relativehumidity %', 'parameter': {'id': 98, 'name': 'relativehumidity', 'units': '%', 'displayName': 'RH'}}, {'id': 14565160, 'name': 'temperature c', 'parameter': {'id': 100, 'name': 'temperature', 'units': 'c', 'displayName': 'Temperature (C)'}}, {'id': 14565161, 'name': 'um003 particles/cm³', 'parameter': {'id': 125, 'name': 'um003', 'units': 'particles/cm³', 'displayName': 'PM0.3 count'}}]"
6121083,Balkumari(SC-28)- GD Labs,,NP,27.671069,85.338037,Asia/Kathmandu,2025-11-06T08:00:00Z,2026-05-18T09:00:00Z,False,AirGradient,Green Decision Labs and Research,"[{'id': 14565417, 'name': 'pm1 µg/m³', 'parameter': {'id': 19, 'name': 'pm1', 'units': 'µg/m³', 'displayName': 'PM1'}}, {'id': 14565418, 'name': 'pm25 µg/m³', 'parameter': {'id': 2, 'name': 'pm25', 'units': 'µg/m³', 'displayName': 'PM2.5'}}, {'id': 14565419, 'name': 'relativehumidity %', 'parameter': {'id': 98, 'name': 'relativehumidity', 'units': '%', 'displayName': 'RH'}}, {'id': 14565420, 'name': 'temperature c', 'parameter': {'id': 100, 'name': 'temperature', 'units': 'c', 'displayName': 'Temperature (C)'}}, {'id': 14565421, 'name': 'um003 particles/cm³', 'parameter': {'id': 125, 'name': 'um003', 'units': 'particles/cm³', 'displayName': 'PM0.3 count'}}]"
6121118,Tokha (SC - 32) - GD Labs,,NP,27.7376474,85.319391,Asia/Kathmandu,2025-11-06T09:00:00Z,2026-05-19T05:00:00Z,False,AirGradient,Green Decision Labs and Research,"[{'id': 14565677, 'name': 'pm1 µg/m³', 'parameter': {'id': 19, 'name': 'pm1', 'units': 'µg/m³', 'displayName': 'PM1'}}, {'id': 14565678, 'name': 'pm25 µg/m³', 'parameter': {'id': 2, 'name': 'pm25', 'units': 'µg/m³', 'displayName': 'PM2.5'}}, {'id': 14565679, 'name': 'relativehumidity %', 'parameter': {'id': 98, 'name': 'relativehumidity', 'units': '%', 'displayName': 'RH'}}, {'id': 14565680, 'name': 'temperature c', 'parameter': {'id': 100, 'name': 'temperature', 'units': 'c', 'displayName': 'Temperature (C)'}}, {'id': 14565681, 'name': 'um003 particles/cm³', 'parameter': {'id': 125, 'name': 'um003', 'units': 'particles/cm³', 'displayName': 'PM0.3 count'}}]"
6121225,Kaushaltar (SC - 33) GD labs,,NP,27.6724803,85.3617649,Asia/Kathmandu,2025-11-06T11:00:00Z,2026-05-19T05:00:00Z,False,AirGradient,Green Decision Labs and Research,"[{'id': 14566456, 'name': 'pm1 µg/m³', 'parameter': {'id': 19, 'name': 'pm1', 'units': 'µg/m³', 'displayName': 'PM1'}}, {'id': 14566457, 'name': 'pm25 µg/m³', 'parameter': {'id': 2, 'name': 'pm25', 'units': 'µg/m³', 'displayName': 'PM2.5'}}, {'id': 14566458, 'name': 'relativehumidity %', 'parameter': {'id': 98, 'name': 'relativehumidity', 'units': '%', 'displayName': 'RH'}}, {'id': 14566459, 'name': 'temperature c', 'parameter': {'id': 100, 'name': 'temperature', 'units': 'c', 'displayName': 'Temperature (C)'}}, {'id': 14566460, 'name': 'um003 particles/cm³', 'parameter': {'id': 125, 'name': 'um003', 'units': 'particles/cm³', 'displayName': 'PM0.3 count'}}]"
6122103,CEN-SR-04: Birgunj Metropolitan City Ward No 25,,NP,27.0264126,84.852162,Asia/Kathmandu,2025-11-07T05:00:00Z,2026-05-18T07:00:00Z,False,AirGradient,Clean Energy Nepal (CEN),"[{'id': 14573145, 'name': 'pm1 µg/m³', 'parameter': {'id': 19, 'name': 'pm1', 'units': 'µg/m³', 'displayName': 'PM1'}}, {'id': 14573146, 'name': 'pm25 µg/m³', 'parameter': {'id': 2, 'name': 'pm25', 'units': 'µg/m³', 'displayName': 'PM2.5'}}, {'id': 14573147, 'name': 'relativehumidity %', 'parameter': {'id': 98, 'name': 'relativehumidity', 'units': '%', 'displayName': 'RH'}}, {'id': 14573148, 'name': 'temperature c', 'parameter': {'id': 100, 'name': 'temperature', 'units': 'c', 'displayName': 'Temperature (C)'}}, {'id': 14573149, 'name': 'um003 particles/cm³', 'parameter': {'id': 125, 'name': 'um003', 'units': 'particles/cm³', 'displayName': 'PM0.3 count'}}]"
6128821,Kadhaghari (SC-42)-GD Labs,,NP,27.696521,85.369882,Asia/Kathmandu,2025-11-13T08:00:00Z,2026-05-19T05:00:00Z,False,AirGradient,Green Decision Labs and Research,"[{'id': 14623360, 'name': 'pm1 µg/m³', 'parameter': {'id': 19, 'name': 'pm1', 'units': 'µg/m³', 'displayName': 'PM1'}}, {'id': 14623361, 'name': 'pm25 µg/m³', 'parameter': {'id': 2, 'name': 'pm25', 'units': 'µg/m³', 'displayName': 'PM2.5'}}, {'id': 14623362, 'name': 'relativehumidity %', 'parameter': {'id': 98, 'name': 'relativehumidity', 'units': '%', 'displayName': 'RH'}}, {'id': 14623363, 'name': 'temperature c', 'parameter': {'id': 100, 'name': 'temperature', 'units': 'c', 'displayName': 'Temperature (C)'}}, {'id': 14623364, 'name': 'um003 particles/cm³', 'parameter': {'id': 125, 'name': 'um003', 'units': 'particles/cm³', 'displayName': 'PM0.3 count'}}]"
6133623,Jadibuti (SC-35)-GD Labs,,NP,27.682109,85.354791,Asia/Kathmandu,2025-11-17T10:00:00Z,2026-05-19T05:00:00Z,False,AirGradient,Green Decision Labs and Research,"[{'id': 14659110, 'name': 'pm1 µg/m³', 'parameter': {'id': 19, 'name': 'pm1', 'units': 'µg/m³', 'displayName': 'PM1'}}, {'id': 14659111, 'name': 'pm25 µg/m³', 'parameter': {'id': 2, 'name': 'pm25', 'units': 'µg/m³', 'displayName': 'PM2.5'}}, {'id': 14659112, 'name': 'relativehumidity %', 'parameter': {'id': 98, 'name': 'relativehumidity', 'units': '%', 'displayName': 'RH'}}, {'id': 14659113, 'name': 'temperature c', 'parameter': {'id': 100, 'name': 'temperature', 'units': 'c', 'displayName': 'Temperature (C)'}}, {'id': 14659114, 'name': 'um003 particles/cm³', 'parameter': {'id': 125, 'name': 'um003', 'units': 'particles/cm³', 'displayName': 'PM0.3 count'}}]"
6135972,CEN-SR-13: Birgunj Metropolitan City Office,,NP,27.0118695,84.8709016,Asia/Kathmandu,2025-11-19T07:00:00Z,2026-05-19T05:00:00Z,False,AirGradient,Clean Energy Nepal (CEN),"[{'id': 14675082, 'name': 'pm1 µg/m³', 'parameter': {'id': 19, 'name': 'pm1', 'units': 'µg/m³', 'displayName': 'PM1'}}, {'id': 14675083, 'name': 'pm25 µg/m³', 'parameter': {'id': 2, 'name': 'pm25', 'units': 'µg/m³', 'displayName': 'PM2.5'}}, {'id': 14675084, 'name': 'relativehumidity %', 'parameter': {'id': 98, 'name': 'relativehumidity', 'units': '%', 'displayName': 'RH'}}, {'id': 14675085, 'name': 'temperature c', 'parameter': {'id': 100, 'name': 'temperature', 'units': 'c', 'displayName': 'Temperature (C)'}}, {'id': 14675086, 'name': 'um003 particles/cm³', 'parameter': {'id': 125, 'name': 'um003', 'units': 'particles/cm³', 'displayName': 'PM0.3 count'}}]"
6138068,Purano naikap (SC-29)-GD Labs,,NP,27.705718,85.255141,Asia/Kathmandu,2025-12-05T05:00:00Z,2026-03-30T07:00:00Z,False,AirGradient,AirGradient,"[{'id': 14802206, 'name': 'pm1 µg/m³', 'parameter': {'id': 19, 'name': 'pm1', 'units': 'µg/m³', 'displayName': 'PM1'}}, {'id': 14802207, 'name': 'pm25 µg/m³', 'parameter': {'id': 2, 'name': 'pm25', 'units': 'µg/m³', 'displayName': 'PM2.5'}}, {'id': 14802208, 'name': 'relativehumidity %', 'parameter': {'id': 98, 'name': 'relativehumidity', 'units': '%', 'displayName': 'RH'}}, {'id': 14802209, 'name': 'temperature c', 'parameter': {'id': 100, 'name': 'temperature', 'units': 'c', 'displayName': 'Temperature (C)'}}, {'id': 14802210, 'name': 'um003 particles/cm³', 'parameter': {'id': 125, 'name': 'um003', 'units': 'particles/cm³', 'displayName': 'PM0.3 count'}}]"
6138104,CEN-SR-11: Janakpurdham Sub-metropolitian City Office,,NP,26.7303,85.9317,Asia/Kathmandu,2025-11-26T07:00:00Z,2026-05-18T07:00:00Z,False,AirGradient,Clean Energy Nepal (CEN),"[{'id': 14727141, 'name': 'pm1 µg/m³', 'parameter': {'id': 19, 'name': 'pm1', 'units': 'µg/m³', 'displayName': 'PM1'}}, {'id': 14727142, 'name': 'pm25 µg/m³', 'parameter': {'id': 2, 'name': 'pm25', 'units': 'µg/m³', 'displayName': 'PM2.5'}}, {'id': 14727143, 'name': 'relativehumidity %', 'parameter': {'id': 98, 'name': 'relativehumidity', 'units': '%', 'displayName': 'RH'}}, {'id': 14727144, 'name': 'temperature c', 'parameter': {'id': 100, 'name': 'temperature', 'units': 'c', 'displayName': 'Temperature (C)'}}, {'id': 14727145, 'name': 'um003 particles/cm³', 'parameter': {'id': 125, 'name': 'um003', 'units': 'particles/cm³', 'displayName': 'PM0.3 count'}}]"
6141726,CEN-SR-03:Biratnagar metropolitan city office ,,NP,26.465215,87.283333,Asia/Kathmandu,2025-11-25T01:00:00Z,2026-05-19T05:00:00Z,False,AirGradient,AirGradient,"[{'id': 14717153, 'name': 'pm1 µg/m³', 'parameter': {'id': 19, 'name': 'pm1', 'units': 'µg/m³', 'displayName': 'PM1'}}, {'id': 14717154, 'name': 'pm25 µg/m³', 'parameter': {'id': 2, 'name': 'pm25', 'units': 'µg/m³', 'displayName': 'PM2.5'}}, {'id': 14717155, 'name': 'relativehumidity %', 'parameter': {'id': 98, 'name': 'relativehumidity', 'units': '%', 'displayName': 'RH'}}, {'id': 14717156, 'name': 'temperature c', 'parameter': {'id': 100, 'name': 'temperature', 'units': 'c', 'displayName': 'Temperature (C)'}}, {'id': 14717157, 'name': 'um003 particles/cm³', 'parameter': {'id': 125, 'name': 'um003', 'units': 'particles/cm³', 'displayName': 'PM0.3 count'}}]"
6141873,Khokana (SC-41)-GD Labs,,NP,27.637633,85.301661,Asia/Kathmandu,2025-11-25T06:00:00Z,2026-05-19T05:00:00Z,False,AirGradient,Green Decision Labs and Research,"[{'id': 14718255, 'name': 'pm1 µg/m³', 'parameter': {'id': 19, 'name': 'pm1', 'units': 'µg/m³', 'displayName': 'PM1'}}, {'id': 14718256, 'name': 'pm25 µg/m³', 'parameter': {'id': 2, 'name': 'pm25', 'units': 'µg/m³', 'displayName': 'PM2.5'}}, {'id': 14718257, 'name': 'relativehumidity %', 'parameter': {'id': 98, 'name': 'relativehumidity', 'units': '%', 'displayName': 'RH'}}, {'id': 14718258, 'name': 'temperature c', 'parameter': {'id': 100, 'name': 'temperature', 'units': 'c', 'displayName': 'Temperature (C)'}}, {'id': 14718259, 'name': 'um003 particles/cm³', 'parameter': {'id': 125, 'name': 'um003', 'units': 'particles/cm³', 'displayName': 'PM0.3 count'}}]"
6141912,Kupondole (SC-40)-GD Labs,,NP,27.689661,85.310442,Asia/Kathmandu,2025-11-25T08:00:00Z,2026-05-19T05:00:00Z,False,AirGradient,Green Decision Labs and Research,"[{'id': 14718800, 'name': 'pm1 µg/m³', 'parameter': {'id': 19, 'name': 'pm1', 'units': 'µg/m³', 'displayName': 'PM1'}}, {'id': 14718801, 'name': 'pm25 µg/m³', 'parameter': {'id': 2, 'name': 'pm25', 'units': 'µg/m³', 'displayName': 'PM2.5'}}, {'id': 14718802, 'name': 'relativehumidity %', 'parameter': {'id': 98, 'name': 'relativehumidity', 'units': '%', 'displayName': 'RH'}}, {'id': 14718803, 'name': 'temperature c', 'parameter': {'id': 100, 'name': 'temperature', 'units': 'c', 'displayName': 'Temperature (C)'}}, {'id': 14718804, 'name': 'um003 particles/cm³', 'parameter': {'id': 125, 'name': 'um003', 'units': 'particles/cm³', 'displayName': 'PM0.3 count'}}]"
6142022,Mid Baneshwor (SC-39)-GD Labs,,NP,27.693662,85.340501,Asia/Kathmandu,2025-11-25T09:00:00Z,2026-05-19T05:00:00Z,False,AirGradient,Green Decision Labs and Research,"[{'id': 14719351, 'name': 'pm1 µg/m³', 'parameter': {'id': 19, 'name': 'pm1', 'units': 'µg/m³', 'displayName': 'PM1'}}, {'id': 14719352, 'name': 'pm25 µg/m³', 'parameter': {'id': 2, 'name': 'pm25', 'units': 'µg/m³', 'displayName': 'PM2.5'}}, {'id': 14719353, 'name': 'relativehumidity %', 'parameter': {'id': 98, 'name': 'relativehumidity', 'units': '%', 'displayName': 'RH'}}, {'id': 14719354, 'name': 'temperature c', 'parameter': {'id': 100, 'name': 'temperature', 'units': 'c', 'displayName': 'Temperature (C)'}}, {'id': 14719355, 'name': 'um003 particles/cm³', 'parameter': {'id': 125, 'name': 'um003', 'units': 'particles/cm³', 'displayName': 'PM0.3 count'}}]"
6142174,Ranibari (SC-43)-GD Labs,,NP,27.727562,85.321155,Asia/Kathmandu,2025-11-25T11:00:00Z,2026-05-19T05:00:00Z,False,AirGradient,Green Decision Labs and Research,"[{'id': 14720441, 'name': 'pm1 µg/m³', 'parameter': {'id': 19, 'name': 'pm1', 'units': 'µg/m³', 'displayName': 'PM1'}}, {'id': 14720442, 'name': 'pm25 µg/m³', 'parameter': {'id': 2, 'name': 'pm25', 'units': 'µg/m³', 'displayName': 'PM2.5'}}, {'id': 14720443, 'name': 'relativehumidity %', 'parameter': {'id': 98, 'name': 'relativehumidity', 'units': '%', 'displayName': 'RH'}}, {'id': 14720444, 'name': 'temperature c', 'parameter': {'id': 100, 'name': 'temperature', 'units': 'c', 'displayName': 'Temperature (C)'}}, {'id': 14720445, 'name': 'um003 particles/cm³', 'parameter': {'id': 125, 'name': 'um003', 'units': 'particles/cm³', 'displayName': 'PM0.3 count'}}]"
6142175,Sorakhutte (SC-36)-GD Labs,,NP,27.71847,85.310271,Asia/Kathmandu,2025-11-25T10:00:00Z,2026-05-19T05:00:00Z,False,AirGradient,AirGradient,"[{'id': 14720446, 'name': 'pm1 µg/m³', 'parameter': {'id': 19, 'name': 'pm1', 'units': 'µg/m³', 'displayName': 'PM1'}}, {'id': 14720447, 'name': 'pm25 µg/m³', 'parameter': {'id': 2, 'name': 'pm25', 'units': 'µg/m³', 'displayName': 'PM2.5'}}, {'id': 14720448, 'name': 'relativehumidity %', 'parameter': {'id': 98, 'name': 'relativehumidity', 'units': '%', 'displayName': 'RH'}}, {'id': 14720449, 'name': 'temperature c', 'parameter': {'id': 100, 'name': 'temperature', 'units': 'c', 'displayName': 'Temperature (C)'}}, {'id': 14720450, 'name': 'um003 particles/cm³', 'parameter': {'id': 125, 'name': 'um003', 'units': 'particles/cm³', 'displayName': 'PM0.3 count'}}]"
6143672,CEN-SR-06: Biratnagar Metropolitan City ward no 9 Office,,NP,26.45611111,87.28388889,Asia/Kathmandu,2025-11-26T17:00:00Z,2026-05-12T07:00:00Z,False,AirGradient,Clean Energy Nepal (CEN),"[{'id': 14731540, 'name': 'pm1 µg/m³', 'parameter': {'id': 19, 'name': 'pm1', 'units': 'µg/m³', 'displayName': 'PM1'}}, {'id': 14731541, 'name': 'pm25 µg/m³', 'parameter': {'id': 2, 'name': 'pm25', 'units': 'µg/m³', 'displayName': 'PM2.5'}}, {'id': 14731542, 'name': 'relativehumidity %', 'parameter': {'id': 98, 'name': 'relativehumidity', 'units': '%', 'displayName': 'RH'}}, {'id': 14731543, 'name': 'temperature c', 'parameter': {'id': 100, 'name': 'temperature', 'units': 'c', 'displayName': 'Temperature (C)'}}, {'id': 14731544, 'name': 'um003 particles/cm³', 'parameter': {'id': 125, 'name': 'um003', 'units': 'particles/cm³', 'displayName': 'PM0.3 count'}}]"
6151750,Pulchowk (SC-15)-GD Labs,,NP,27.676946,85.318494,Asia/Kathmandu,2025-12-04T05:00:00Z,2025-12-04T05:00:00Z,False,AirGradient,AirGradient,"[{'id': 14792688, 'name': 'pm1 µg/m³', 'parameter': {'id': 19, 'name': 'pm1', 'units': 'µg/m³', 'displayName': 'PM1'}}, {'id': 14792689, 'name': 'pm25 µg/m³', 'parameter': {'id': 2, 'name': 'pm25', 'units': 'µg/m³', 'displayName': 'PM2.5'}}, {'id': 14792690, 'name': 'relativehumidity %', 'parameter': {'id': 98, 'name': 'relativehumidity', 'units': '%', 'displayName': 'RH'}}, {'id': 14792691, 'name': 'temperature c', 'parameter': {'id': 100, 'name': 'temperature', 'units': 'c', 'displayName': 'Temperature (C)'}}, {'id': 14792692, 'name': 'um003 particles/cm³', 'parameter': {'id': 125, 'name': 'um003', 'units': 'particles/cm³', 'displayName': 'PM0.3 count'}}]"
6151854,"Haugal Ganesh Temple, Patan Durbar Square",,NP,27.671944,85.324444,Asia/Kathmandu,2025-12-04T05:00:00Z,2026-05-19T05:00:00Z,False,AirGradient,AirGradient,"[{'id': 14793465, 'name': 'pm1 µg/m³', 'parameter': {'id': 19, 'name': 'pm1', 'units': 'µg/m³', 'displayName': 'PM1'}}, {'id': 14793466, 'name': 'pm25 µg/m³', 'parameter': {'id': 2, 'name': 'pm25', 'units': 'µg/m³', 'displayName': 'PM2.5'}}, {'id': 14793467, 'name': 'relativehumidity %', 'parameter': {'id': 98, 'name': 'relativehumidity', 'units': '%', 'displayName': 'RH'}}, {'id': 14793468, 'name': 'temperature c', 'parameter': {'id': 100, 'name': 'temperature', 'units': 'c', 'displayName': 'Temperature (C)'}}, {'id': 14793469, 'name': 'um003 particles/cm³', 'parameter': {'id': 125, 'name': 'um003', 'units': 'particles/cm³', 'displayName': 'PM0.3 count'}}]"
6151924,"CEN-SR-20: Janakpurdham SMC-08, Rajarshi Janak University",,NP,26.739072,85.916906,Asia/Kathmandu,2025-12-04T08:00:00Z,2026-05-08T03:00:00Z,False,AirGradient,AirGradient,"[{'id': 14793987, 'name': 'pm1 µg/m³', 'parameter': {'id': 19, 'name': 'pm1', 'units': 'µg/m³', 'displayName': 'PM1'}}, {'id': 14793988, 'name': 'pm25 µg/m³', 'parameter': {'id': 2, 'name': 'pm25', 'units': 'µg/m³', 'displayName': 'PM2.5'}}, {'id': 14793989, 'name': 'relativehumidity %', 'parameter': {'id': 98, 'name': 'relativehumidity', 'units': '%', 'displayName': 'RH'}}, {'id': 14793990, 'name': 'temperature c', 'parameter': {'id': 100, 'name': 'temperature', 'units': 'c', 'displayName': 'Temperature (C)'}}, {'id': 14793991, 'name': 'um003 particles/cm³', 'parameter': {'id': 125, 'name': 'um003', 'units': 'particles/cm³', 'displayName': 'PM0.3 count'}}]"
6161963,CEN-SR-19 : Bharatpur Ward 02,,NP,27.69765,84.4323,Asia/Kathmandu,2025-12-12T06:00:00Z,2026-05-19T05:00:00Z,False,AirGradient,Clean Energy Nepal (CEN),"[{'id': 14869286, 'name': 'pm1 µg/m³', 'parameter': {'id': 19, 'name': 'pm1', 'units': 'µg/m³', 'displayName': 'PM1'}}, {'id': 14869287, 'name': 'pm25 µg/m³', 'parameter': {'id': 2, 'name': 'pm25', 'units': 'µg/m³', 'displayName': 'PM2.5'}}, {'id': 14869288, 'name': 'relativehumidity %', 'parameter': {'id': 98, 'name': 'relativehumidity', 'units': '%', 'displayName': 'RH'}}, {'id': 14869289, 'name': 'temperature c', 'parameter': {'id': 100, 'name': 'temperature', 'units': 'c', 'displayName': 'Temperature (C)'}}, {'id': 14869290, 'name': 'um003 particles/cm³', 'parameter': {'id': 125, 'name': 'um003', 'units': 'particles/cm³', 'displayName': 'PM0.3 count'}}]"
6176215,Tripureshowr (SC-24)- GD Labs,,NP,27.692998,85.312458,Asia/Kathmandu,2025-12-24T07:00:00Z,2026-04-29T10:00:00Z,False,AirGradient,Green Decision Labs and Research,"[{'id': 14974920, 'name': 'pm1 µg/m³', 'parameter': {'id': 19, 'name': 'pm1', 'units': 'µg/m³', 'displayName': 'PM1'}}, {'id': 14974921, 'name': 'pm25 µg/m³', 'parameter': {'id': 2, 'name': 'pm25', 'units': 'µg/m³', 'displayName': 'PM2.5'}}, {'id': 14974922, 'name': 'relativehumidity %', 'parameter': {'id': 98, 'name': 'relativehumidity', 'units': '%', 'displayName': 'RH'}}, {'id': 14974923, 'name': 'temperature c', 'parameter': {'id': 100, 'name': 'temperature', 'units': 'c', 'displayName': 'Temperature (C)'}}, {'id': 14974924, 'name': 'um003 particles/cm³', 'parameter': {'id': 125, 'name': 'um003', 'units': 'particles/cm³', 'displayName': 'PM0.3 count'}}]"
6218294,Kathmandu University,,NP,27.620041043666568,85.53943575377038,Asia/Kathmandu,2026-01-28T05:00:00Z,2026-01-28T07:00:00Z,False,AirGradient,AirGradient,"[{'id': 15286457, 'name': 'pm1 µg/m³', 'parameter': {'id': 19, 'name': 'pm1', 'units': 'µg/m³', 'displayName': 'PM1'}}, {'id': 15286458, 'name': 'pm25 µg/m³', 'parameter': {'id': 2, 'name': 'pm25', 'units': 'µg/m³', 'displayName': 'PM2.5'}}, {'id': 15286459, 'name': 'relativehumidity %', 'parameter': {'id': 98, 'name': 'relativehumidity', 'units': '%', 'displayName': 'RH'}}, {'id': 15286460, 'name': 'temperature c', 'parameter': {'id': 100, 'name': 'temperature', 'units': 'c', 'displayName': 'Temperature (C)'}}, {'id': 15286461, 'name': 'um003 particles/cm³', 'parameter': {'id': 125, 'name': 'um003', 'units': 'particles/cm³', 'displayName': 'PM0.3 count'}}]"
6218364,Kathmandu University,,NP,27.619955487891527,85.53940356726346,Asia/Kathmandu,2026-01-28T07:00:00Z,2026-01-28T07:00:00Z,False,AirGradient,AirGradient,"[{'id': 15286974, 'name': 'pm1 µg/m³', 'parameter': {'id': 19, 'name': 'pm1', 'units': 'µg/m³', 'displayName': 'PM1'}}, {'id': 15286975, 'name': 'pm25 µg/m³', 'parameter': {'id': 2, 'name': 'pm25', 'units': 'µg/m³', 'displayName': 'PM2.5'}}, {'id': 15286976, 'name': 'relativehumidity %', 'parameter': {'id': 98, 'name': 'relativehumidity', 'units': '%', 'displayName': 'RH'}}, {'id': 15286977, 'name': 'temperature c', 'parameter': {'id': 100, 'name': 'temperature', 'units': 'c', 'displayName': 'Temperature (C)'}}, {'id': 15286978, 'name': 'um003 particles/cm³', 'parameter': {'id': 125, 'name': 'um003', 'units': 'particles/cm³', 'displayName': 'PM0.3 count'}}]"
6218365,Kathmandu University,,NP,27.619955487891527,85.53940356726346,Asia/Kathmandu,2026-01-28T07:00:00Z,2026-01-28T07:00:00Z,False,AirGradient,AirGradient,"[{'id': 15286979, 'name': 'pm1 µg/m³', 'parameter': {'id': 19, 'name': 'pm1', 'units': 'µg/m³', 'displayName': 'PM1'}}, {'id': 15286980, 'name': 'pm25 µg/m³', 'parameter': {'id': 2, 'name': 'pm25', 'units': 'µg/m³', 'displayName': 'PM2.5'}}, {'id': 15286981, 'name': 'relativehumidity %', 'parameter': {'id': 98, 'name': 'relativehumidity', 'units': '%', 'displayName': 'RH'}}, {'id': 15286982, 'name': 'temperature c', 'parameter': {'id': 100, 'name': 'temperature', 'units': 'c', 'displayName': 'Temperature (C)'}}, {'id': 15286983, 'name': 'um003 particles/cm³', 'parameter': {'id': 125, 'name': 'um003', 'units': 'particles/cm³', 'displayName': 'PM0.3 count'}}]"
6230465,Bagdol,,NP,27.671706,85.301619,Asia/Kathmandu,2026-02-06T09:00:00Z,2026-05-19T05:00:00Z,False,AirGradient,AirGradient,"[{'id': 15374667, 'name': 'pm1 µg/m³', 'parameter': {'id': 19, 'name': 'pm1', 'units': 'µg/m³', 'displayName': 'PM1'}}, {'id': 15374668, 'name': 'pm25 µg/m³', 'parameter': {'id': 2, 'name': 'pm25', 'units': 'µg/m³', 'displayName': 'PM2.5'}}, {'id': 15374669, 'name': 'relativehumidity %', 'parameter': {'id': 98, 'name': 'relativehumidity', 'units': '%', 'displayName': 'RH'}}, {'id': 15374670, 'name': 'temperature c', 'parameter': {'id': 100, 'name': 'temperature', 'units': 'c', 'displayName': 'Temperature (C)'}}, {'id': 15374671, 'name': 'um003 particles/cm³', 'parameter': {'id': 125, 'name': 'um003', 'units': 'particles/cm³', 'displayName': 'PM0.3 count'}}]"
6280985,Pulchowk Engineering Campus - ICE Labs,,NP,27.681232,85.319189,Asia/Kathmandu,2026-03-22T12:00:00Z,2026-05-19T05:00:00Z,False,AirGradient,AirGradient,"[{'id': 15750366, 'name': 'pm1 µg/m³', 'parameter': {'id': 19, 'name': 'pm1', 'units': 'µg/m³', 'displayName': 'PM1'}}, {'id': 15750367, 'name': 'pm25 µg/m³', 'parameter': {'id': 2, 'name': 'pm25', 'units': 'µg/m³', 'displayName': 'PM2.5'}}, {'id': 15750368, 'name': 'relativehumidity %', 'parameter': {'id': 98, 'name': 'relativehumidity', 'units': '%', 'displayName': 'RH'}}, {'id': 15750369, 'name': 'temperature c', 'parameter': {'id': 100, 'name': 'temperature', 'units': 'c', 'displayName': 'Temperature (C)'}}, {'id': 15750370, 'name': 'um003 particles/cm³', 'parameter': {'id': 125, 'name': 'um003', 'units': 'particles/cm³', 'displayName': 'PM0.3 count'}}]"
6336000,Herne Katha,,NP,27.6838241,85.3101773,Asia/Kathmandu,2026-05-05T13:00:00Z,2026-05-19T05:00:00Z,False,AirGradient,AirGradient,"[{'id': 16162467, 'name': 'pm1 µg/m³', 'parameter': {'id': 19, 'name': 'pm1', 'units': 'µg/m³', 'displayName': 'PM1'}}, {'id': 16162468, 'name': 'pm25 µg/m³', 'parameter': {'id': 2, 'name': 'pm25', 'units': 'µg/m³', 'displayName': 'PM2.5'}}, {'id': 16162469, 'name': 'relativehumidity %', 'parameter': {'id': 98, 'name': 'relativehumidity', 'units': '%', 'displayName': 'RH'}}, {'id': 16162470, 'name': 'temperature c', 'parameter': {'id': 100, 'name': 'temperature', 'units': 'c', 'displayName': 'Temperature (C)'}}, {'id': 16162471, 'name': 'um003 particles/cm³', 'parameter': {'id': 125, 'name': 'um003', 'units': 'particles/cm³', 'displayName': 'PM0.3 count'}}]"
