timestamp,device_serial,PM 1.0,PM 2.5,PM 10,Temperature,Relative Humidity
2026-05-18T04:15:00Z,5506835,38.8,65.0,,33.7,33.0
2026-05-18T05:15:00Z,5506835,35.0,57.6,,32.3,35.0
2026-05-18T09:15:00Z,5506835,33.6,54.7,,30.0,42.0
2026-05-18T10:15:00Z,5506835,34.2,55.3,,27.3,48.0
2026-05-18T11:15:00Z,5506835,34.3,56.0,,29.5,43.0
2026-05-18T12:15:00Z,5506835,36.7,61.1,,27.7,47.0
2026-05-18T13:15:00Z,5506835,41.4,70.0,,26.0,52.0
2026-05-18T14:15:00Z,5506835,41.0,69.3,,25.3,56.0
2026-05-18T15:15:00Z,5506835,39.6,68.6,,24.4,60.0
2026-05-18T16:15:00Z,5506835,45.5,78.2,,23.8,62.0
2026-05-18T17:15:00Z,5506835,51.0,86.1,,23.5,62.0
2026-05-18T18:15:00Z,5506835,42.0,72.8,,23.0,62.0
2026-05-18T19:15:00Z,5506835,39.4,68.1,,22.9,61.0
2026-05-18T20:15:00Z,5506835,43.6,73.7,,22.6,61.0
2026-05-18T21:15:00Z,5506835,41.5,71.7,,22.5,61.0
2026-05-18T22:15:00Z,5506835,40.0,69.6,,22.5,61.0
2026-05-18T23:15:00Z,5506835,37.0,64.4,,22.8,60.0
2026-05-18T04:15:00Z,5509787,40.3,61.5,,33.5,33.0
2026-05-18T05:15:00Z,5509787,36.0,54.6,,32.7,34.0
2026-05-18T06:15:00Z,5509787,35.4,53.2,,34.7,31.0
2026-05-18T07:15:00Z,5509787,34.9,52.8,,33.4,35.0
2026-05-18T08:15:00Z,5509787,33.5,50.7,,32.1,37.0
2026-05-18T09:15:00Z,5509787,34.5,53.2,,29.5,43.0
2026-05-18T10:15:00Z,5509787,34.3,52.4,,29.7,42.0
2026-05-18T11:15:00Z,5509787,34.8,53.3,,29.5,42.0
2026-05-18T12:15:00Z,5509787,37.3,58.3,,27.5,47.0
2026-05-18T13:15:00Z,5509787,42.1,66.9,,25.8,53.0
2026-05-18T14:15:00Z,5509787,42.1,66.9,,25.0,57.0
2026-05-18T15:15:00Z,5509787,40.1,65.3,,24.2,61.0
2026-05-18T16:15:00Z,5509787,45.6,74.3,,23.6,63.0
2026-05-18T17:15:00Z,5509787,51.2,81.9,,23.3,63.0
2026-05-18T18:15:00Z,5509787,41.8,68.5,,22.8,63.0
2026-05-18T19:15:00Z,5509787,39.4,64.5,,22.7,62.0
2026-05-18T20:15:00Z,5509787,43.6,69.9,,22.5,62.0
2026-05-18T21:15:00Z,5509787,41.2,67.6,,22.4,62.0
2026-05-18T22:15:00Z,5509787,39.7,65.9,,22.4,62.0
2026-05-18T23:15:00Z,5509787,36.9,60.9,,22.7,61.0
2026-05-18T04:15:00Z,5509788,41.8,67.7,,33.5,36.0
2026-05-18T05:15:00Z,5509788,37.4,59.5,,32.4,37.0
2026-05-18T06:15:00Z,5509788,37.0,58.2,,34.2,35.0
2026-05-18T07:15:00Z,5509788,36.1,57.1,,33.0,39.0
2026-05-18T08:15:00Z,5509788,34.3,54.4,,31.7,41.0
2026-05-18T09:15:00Z,5509788,34.3,53.5,,30.5,42.0
2026-05-18T10:15:00Z,5509788,36.5,58.0,,26.8,51.0
2026-05-18T11:15:00Z,5509788,36.7,58.5,,29.2,46.0
2026-05-18T12:15:00Z,5509788,39.9,63.9,,27.6,49.0
2026-05-18T13:15:00Z,5509788,44.3,72.9,,26.0,54.0
2026-05-18T14:15:00Z,5509788,44.0,72.5,,25.2,57.0
2026-05-18T15:15:00Z,5509788,42.6,71.5,,24.5,61.0
2026-05-18T16:15:00Z,5509788,48.4,80.9,,23.8,63.0
2026-05-18T17:15:00Z,5509788,53.6,88.7,,23.4,63.0
2026-05-18T18:15:00Z,5509788,44.7,75.6,,22.9,63.0
2026-05-18T19:15:00Z,5509788,42.0,70.7,,22.8,62.0
2026-05-18T20:15:00Z,5509788,46.1,76.2,,22.6,62.0
2026-05-18T21:15:00Z,5509788,44.1,74.3,,22.4,62.0
2026-05-18T22:15:00Z,5509788,42.4,72.4,,22.4,62.0
2026-05-18T23:15:00Z,5509788,39.4,66.4,,22.8,61.0
2026-05-18T00:15:00Z,5709621,35.6,59.4,,25.9,62.0
2026-05-18T01:15:00Z,5709621,39.4,66.4,,27.0,60.0
2026-05-18T02:15:00Z,5709621,37.2,62.1,,28.7,54.0
2026-05-18T03:15:00Z,5709621,34.4,57.2,,30.3,51.0
2026-05-18T04:15:00Z,5709621,32.5,52.0,,31.4,47.0
2026-05-18T05:15:00Z,5709621,32.8,51.8,,32.4,45.0
2026-05-18T06:15:00Z,5709621,33.4,53.3,,34.1,42.0
2026-05-18T07:15:00Z,5709621,33.1,52.8,,34.8,43.0
2026-05-18T08:15:00Z,5709621,34.1,56.1,,34.8,44.0
2026-05-18T09:15:00Z,5709621,34.0,55.7,,34.5,44.0
2026-05-18T10:15:00Z,5709621,35.9,59.8,,33.2,47.0
2026-05-18T11:15:00Z,5709621,37.7,63.3,,31.9,51.0
2026-05-18T12:15:00Z,5709621,38.9,66.6,,29.7,60.0
2026-05-18T13:15:00Z,5709621,40.3,68.7,,28.3,64.0
2026-05-18T14:15:00Z,5709621,39.0,65.6,,28.3,63.0
2026-05-18T15:15:00Z,5709621,37.6,63.3,,28.2,63.0
2026-05-18T16:15:00Z,5709621,37.2,63.3,,28.0,63.0
2026-05-18T17:15:00Z,5709621,37.0,63.2,,27.8,63.0
2026-05-18T18:15:00Z,5709621,34.4,58.2,,27.5,63.0
2026-05-18T19:15:00Z,5709621,32.3,53.3,,27.5,62.0
2026-05-18T20:15:00Z,5709621,31.1,51.3,,26.8,63.0
2026-05-18T21:15:00Z,5709621,29.3,48.2,,26.7,62.0
2026-05-18T22:15:00Z,5709621,29.5,48.9,,27.1,61.0
2026-05-18T23:15:00Z,5709621,29.5,48.7,,27.1,61.0
2026-05-18T00:15:00Z,6095642,46.1,71.4,,31.3,38.0
2026-05-18T01:15:00Z,6095642,54.8,84.4,,33.6,34.0
2026-05-18T02:15:00Z,6095642,56.1,86.9,,33.4,34.0
2026-05-18T03:15:00Z,6095642,53.8,83.6,,34.7,33.0
2026-05-18T04:15:00Z,6095642,44.4,67.7,,35.5,31.0
2026-05-18T05:15:00Z,6095642,37.8,56.6,,37.3,28.0
2026-05-18T06:15:00Z,6095642,34.3,52.0,,38.7,27.0
2026-05-18T07:15:00Z,6095642,32.4,48.9,,39.2,26.0
2026-05-18T08:15:00Z,6095642,28.6,43.4,,39.6,24.0
2026-05-18T09:15:00Z,6095642,26.7,40.0,,39.2,24.0
2026-05-18T10:15:00Z,6095642,28.6,43.8,,39.0,25.0
2026-05-18T11:15:00Z,6095642,29.6,45.0,,38.8,26.0
2026-05-18T12:15:00Z,6095642,32.0,48.6,,38.1,27.0
2026-05-18T13:15:00Z,6095642,36.8,56.3,,36.4,30.0
2026-05-18T14:15:00Z,6095642,38.1,57.3,,34.6,32.0
2026-05-18T15:15:00Z,6095642,37.4,57.0,,34.4,32.0
2026-05-18T16:15:00Z,6095642,33.4,50.0,,33.9,32.0
2026-05-18T17:15:00Z,6095642,32.9,49.5,,33.3,33.0
2026-05-18T18:15:00Z,6095642,33.7,50.6,,33.0,35.0
2026-05-18T19:15:00Z,6095642,34.6,52.1,,32.8,36.0
2026-05-18T20:15:00Z,6095642,34.5,52.0,,31.7,37.0
2026-05-18T21:15:00Z,6095642,48.0,73.4,,32.0,37.0
2026-05-18T22:15:00Z,6095642,42.9,65.2,,31.4,38.0
2026-05-18T23:15:00Z,6095642,49.0,74.9,,31.3,39.0
2026-05-18T04:15:00Z,6097220,27.1,41.2,,30.8,46.0
2026-05-18T05:15:00Z,6097220,28.8,44.1,,32.2,44.0
2026-05-18T06:15:00Z,6097220,31.4,48.2,,34.0,40.0
2026-05-18T07:15:00Z,6097220,31.5,48.0,,35.7,37.0
2026-05-18T08:15:00Z,6097220,31.7,47.8,,37.1,34.0
2026-05-18T09:15:00Z,6097220,32.5,49.1,,36.8,34.0
2026-05-18T10:15:00Z,6097220,33.5,50.9,,36.0,36.0
2026-05-18T11:15:00Z,6097220,48.6,72.5,,33.4,42.0
2026-05-18T12:15:00Z,6097220,44.5,68.5,,31.8,47.0
2026-05-18T13:15:00Z,6097220,46.2,70.8,,30.8,50.0
2026-05-18T14:15:00Z,6097220,36.8,59.1,,29.1,55.0
2026-05-18T15:15:00Z,6097220,39.1,62.3,,29.0,56.0
2026-05-18T16:15:00Z,6097220,37.8,60.0,,29.0,56.0
2026-05-18T17:15:00Z,6097220,35.5,56.4,,29.0,55.0
2026-05-18T18:15:00Z,6097220,36.0,57.5,,29.0,56.0
2026-05-18T19:15:00Z,6097220,35.8,57.9,,28.5,57.0
2026-05-18T20:15:00Z,6097220,33.1,51.6,,28.1,56.0
2026-05-18T21:15:00Z,6097220,28.5,44.3,,27.4,56.0
2026-05-18T22:15:00Z,6097220,27.9,42.7,,27.0,58.0
2026-05-18T23:15:00Z,6097220,28.3,43.0,,27.4,57.0
2026-05-18T00:15:00Z,6135972,37.6,63.6,,29.3,59.0
2026-05-18T01:15:00Z,6135972,41.1,69.2,,30.6,57.0
2026-05-18T02:15:00Z,6135972,35.5,58.3,,30.9,57.0
2026-05-18T03:15:00Z,6135972,35.5,57.5,,31.8,55.0
2026-05-18T05:15:00Z,6135972,34.8,54.6,,35.0,49.0
2026-05-18T06:15:00Z,6135972,36.1,56.5,,35.2,48.0
2026-05-18T07:15:00Z,6135972,36.2,56.3,,36.2,46.0
2026-05-18T08:15:00Z,6135972,35.8,55.1,,36.5,46.0
2026-05-18T09:15:00Z,6135972,37.5,57.5,,36.8,45.0
2026-05-18T10:15:00Z,6135972,37.3,56.8,,37.5,44.0
2026-05-18T11:15:00Z,6135972,39.0,60.0,,36.3,46.0
2026-05-18T12:15:00Z,6135972,42.9,67.4,,35.2,49.0
2026-05-18T13:15:00Z,6135972,51.5,83.2,,34.3,51.0
2026-05-18T14:15:00Z,6135972,55.3,90.4,,33.4,53.0
2026-05-18T15:15:00Z,6135972,47.7,77.3,,32.3,55.0
2026-05-18T16:15:00Z,6135972,48.5,80.1,,31.6,55.0
2026-05-18T17:15:00Z,6135972,35.6,61.8,,30.6,58.0
2026-05-18T18:15:00Z,6135972,33.8,56.6,,29.7,60.0
2026-05-18T19:15:00Z,6135972,32.2,52.7,,28.9,60.0
2026-05-18T03:15:00Z,6138104,31.2,50.2,,29.0,63.0
2026-05-18T04:15:00Z,6138104,30.8,49.6,,32.4,52.0
2026-05-18T05:15:00Z,6138104,30.5,48.9,,34.0,48.0
2026-05-18T06:15:00Z,6138104,31.8,50.8,,35.9,44.0
